genres,rating,stars,story_line
0.44594594594594594,0.6756756756756757,0.6233851529126122,0.5512447226670548
0.8198198198198198,0.9054054054054053,0.7584551892300123,0.640486242538943
0.07207207207207207,0.5405405405405405,0.522926345362327,0.3033920512447227
0.8783783783783784,0.9054054054054053,0.5527021711920109,0.7333673023729801
0.5225225225225225,0.5405405405405405,0.5982656722219107,0.19689911195224924
0.4954954954954955,0.6891891891891891,0.6180909524196577,0.5773766195952831
0.4954954954954955,0.3648648648648648,0.5968907376338681,0.12388994031154461
0.5225225225225225,0.7162162162162162,0.6247238225392424,0.6540253311981366
0.21171171171171171,0.7027027027027025,0.5297229975673592,0.7116028533993303
0.4954954954954955,0.8108108108108107,0.6077641763855897,0.4951230164507206
0.15765765765765766,0.8243243243243242,0.6716658111204188,0.9375454942495269
0.7477477477477478,0.7702702702702702,0.760650887265072,0.6476925316639977
0.9684684684684685,0.554054054054054,0.6623427299596759,0.3225360314456253
0.25675675675675674,0.5675675675675674,0.5923623456224223,0.31059834036977724
0.13963963963963963,0.7027027027027025,0.6572503795278551,0.45880040762847574
0.545045045045045,0.5135135135135135,0.5609043124555899,0.20075702431212697
0.12162162162162163,0.8648648648648649,0.6232295487434595,0.7582617557140778
0.3108108108108108,0.7027027027027025,0.6089932869931691,0.6591934779443878
0.7117117117117117,0.8918918918918918,0.6943251132841017,0.9689183287232493
0.8423423423423423,0.6081081081081081,0.6891366815223848,0.3851361187945843
0.07207207207207207,0.554054054054054,0.44763317153907295,0.25775222011937693
0.17567567567567569,0.5810810810810811,0.6611304616887025,0.3887028679574902
0.5225225225225225,0.7027027027027025,0.6321470711568068,0.6685107002474887
0.47297297297297297,0.6081081081081081,0.6926328120795278,0.39962148784393653
0.7117117117117117,0.6621621621621622,0.5932781508740683,0.49941767360605616
0.8648648648648649,0.6081081081081081,0.6685769126788575,0.3821516960256224
0.1981981981981982,0.6216216216216215,0.6360841425092986,0.3986752074537778
0.7297297297297297,0.8648648648648649,0.7555710961324484,0.7310379967972048
0.11711711711711711,0.35135135135135137,0.6393001310563642,0.11588295239481729
0.013513513513513514,0.49999999999999994,0.5421169414838944,0.1787742029407483
0.6216216216216216,0.33783783783783783,0.5546709834853438,0.04724122870869122
0.6216216216216216,0.5675675675675674,0.6728643069099597,0.33578395690784685
0.3963963963963964,0.6891891891891891,0.608207864880364,0.5782501091861989
0.8468468468468469,0.635135135135135,0.5247407172032456,0.4015140486242538
0.11711711711711711,0.6756756756756757,0.6184574728660986,0.595574319406027
0.7117117117117117,0.7162162162162162,0.6457016869455202,0.6069296840879312
0.44594594594594594,0.5405405405405405,0.6178636268268894,0.42648129276459457
0.7117117117117117,0.9594594594594593,0.583581336795383,0.8512156063473576
0.06756756756756757,0.554054054054054,0.6177245777096564,0.20497889066821956
0.5540540540540541,0.3648648648648648,0.5770709904918085,0.27201921677100016
0.6081081081081081,0.33783783783783783,0.5521245236543951,0.1072208472849032
0.45045045045045046,0.7567567567567567,0.5390486129605645,0.4629494831853254
0.972972972972973,0.554054054054054,0.6338608514286155,0.3267578978017179
0.4954954954954955,0.6891891891891891,0.7848943074680303,0.7033774930848741
0.44594594594594594,0.7027027027027025,0.5962801802915478,0.5085165235114281
0.44594594594594594,0.5405405405405405,0.5286058390413791,0.2707089823846266
0.7117117117117117,0.7027027027027025,0.622290966778952,0.658538360751201
0.5630630630630631,0.6486486486486487,0.5538280604899682,0.47728927063619153
0.6891891891891891,0.6081081081081081,0.5355180595007941,0.3798951812490901
0.972972972972973,0.3918918918918919,0.5878030419497403,0.06907846848158393
0.9504504504504504,0.49999999999999994,0.6334075241401573,0.22201193769107586
0.9459459459459459,0.3648648648648648,0.6011489017065081,0.1754986169748144
0.44594594594594594,0.6891891891891891,0.7454263044921113,0.5556121706216334
0.972972972972973,0.3918918918918919,0.5478487449526792,0.191730965205998
0.6846846846846847,0.5675675675675674,0.5691080936884144,0.39270636191585384
0.42792792792792794,0.6891891891891891,0.635225739401309,0.5817440675498616
0.45495495495495497,0.5675675675675674,0.5658744331095596,0.3052118212257971
0.11711711711711711,0.49999999999999994,0.5777360798954311,0.32115300626000876
0.3963963963963964,0.8513513513513514,0.6645684078871151,0.7479254622215752
0.013513513513513514,0.3243243243243243,0.5735669119833793,0.06740428009899549
0.45495495495495497,0.7027027027027025,0.6103259770826424,0.3853544911923133
0.6216216216216216,0.48648648648648646,0.5623624615131121,0.24268452467608098
0.009009009009009009,0.8378378378378377,0.6539507491967711,0.7592808269034793
0.7117117117117117,0.6891891891891891,0.6009015180240199,0.6385208909593827
0.06756756756756757,0.5135135135135135,0.6636456493917702,0.26474013684670256
0.7117117117117117,0.25675675675675674,0.49216370801124404,0.16945698063764741
0.7612612612612613,0.7432432432432432,0.6816347763201553,0.6931867811908574
0.15765765765765766,0.5810810810810811,0.6148888466243139,0.24923569660794878
0.45045045045045046,0.40540540540540543,0.5849013425799598,0.15744649876255642
0.013513513513513514,0.527027027027027,0.5849879066861083,0.19267724559615665
0.6531531531531531,0.7432432432432432,0.5574946484366227,0.5679866064929393
0.8468468468468469,0.7432432432432432,0.5280595127650383,0.6811035085165235
0.11261261261261261,0.5405405405405405,0.6195699840130379,0.2839569078468482
0.8558558558558559,0.7027027027027025,0.5806548855581551,0.5759935944096666
0.8468468468468469,0.4324324324324324,0.6390484448318134,0.2644489736497307
0.918918918918919,0.7297297297297297,0.7000143153088593,0.5503712330761391
0.6351351351351351,0.24324324324324326,0.5610535178269006,0.0643470665307905
0.9504504504504504,0.527027027027027,0.6652706346512401,0.20898238462658322
0.972972972972973,0.49999999999999994,0.5555399235288125,0.2881059834036978
0.02702702702702703,0.7027027027027025,0.7120828270272139,0.5024020963750182
0.6621621621621622,0.7702702702702702,0.6389381288518905,0.7098558742174989
0.8468468468468469,0.6216216216216215,0.6414319056526603,0.4323045567040326
0.6441441441441441,0.6081081081081081,0.6892246176400207,0.5762847576066384
0.45045045045045046,0.6756756756756757,0.5843912884444664,0.5142669966516232
0.6891891891891891,0.6621621621621622,0.7353919294143524,0.44154898820789046
0.5675675675675675,0.5675675675675674,0.5843563210787117,0.41512592808269033
0.43243243243243246,0.7162162162162162,0.6098507457356631,0.583855000727908
0.7567567567567568,0.7702702702702702,0.582649549646243,0.7556412869413306
0.28378378378378377,0.554054054054054,0.6663306078893495,0.3422623380404717
0.40540540540540543,0.7162162162162162,0.7148248319188166,0.6594846411413597
0.49099099099099097,0.5945945945945946,0.6634571152939321,0.2907992429756879
0.5135135135135135,0.635135135135135,0.6867890457417525,0.4523948172950939
0.42792792792792794,0.5675675675675674,0.47144922487442903,0.3344737225214733
0.6891891891891891,0.8243243243243242,0.6678145817411509,0.7289270636191585
0.07207207207207207,0.5405405405405405,0.6978059359719911,0.1790653661377202
0.7117117117117117,0.6891891891891891,0.601318120273214,0.5916436162469064
0.509009009009009,0.3243243243243243,0.5863186752048294,0.21371378657737664
0.6531531531531531,0.7027027027027025,0.6212427796840894,0.49941767360605616
0.1036036036036036,0.7297297297297297,0.6620004832382265,0.772310379967972
0.07657657657657657,0.4324324324324324,0.6558083219412693,0.13903042655408357
0.8018018018018018,0.5405405405405405,0.6246806243425619,0.16661813946717138
0.44594594594594594,0.635135135135135,0.6176475459608198,0.40981219973795313
0.3918918918918919,0.7837837837837839,0.684389061354707,0.7418110350851652
0.6576576576576577,0.635135135135135,0.5167960433442074,0.5196535157956035
0.6621621621621622,0.7702702702702702,0.5472133467465037,0.7571698937254332
0.9459459459459459,0.7297297297297297,0.6881834709616949,0.6401950793419712
0.8198198198198198,0.7432432432432432,0.6505367810658857,0.5857475615082254
0.6441441441441441,0.6891891891891891,0.6139746244559161,0.6503130004367448
0.9459459459459459,0.527027027027027,0.6358376445590342,0.24239336147910906
0.6801801801801802,0.8108108108108107,0.7058323995016986,0.7380259135245304
0.7117117117117117,0.6621621621621622,0.554561393123979,0.485005095355947
0.7117117117117117,0.7432432432432432,0.5245101481784735,0.6364827485805794
0.26126126126126126,0.6621621621621622,0.5257996972500683,0.5005823263939437
0.1891891891891892,0.5675675675675674,0.6402532901925122,0.2308924151987189
0.972972972972973,0.7162162162162162,0.5966369308483122,0.5708982384626583
0.7117117117117117,0.6486486486486487,0.6866118728753081,0.4561071480564856
0.17117117117117117,0.6486486486486487,0.652766192230076,0.4590915708254476
0.6441441441441441,0.7837837837837839,0.637486131653701,0.6981365555393798
0.28378378378378377,0.6081081081081081,0.5565738272180518,0.3551463095064784
0.3153153153153153,0.6621621621621622,0.6098060377235489,0.4717571698937254
0.8063063063063063,0.8513513513513514,0.6468677220553913,0.8019362352598632
0.7117117117117117,0.7972972972972973,0.6862147933215004,0.8259571990100452
0.4954954954954955,0.7837837837837839,0.6501441373402835,0.5217644489736497
0.45045045045045046,0.31081081081081086,0.5782612291051621,0.09419129422041053
0.1036036036036036,0.8243243243243242,0.69046071930476,0.8079778715970302
0.972972972972973,0.2972972972972973,0.6200091566646989,0.2081088950356675
0.04504504504504504,0.5810810810810811,0.6510198660186459,0.4514485369049352
0.07207207207207207,0.527027027027027,0.5963586584910484,0.17593536177027225
0.7747747747747747,0.7297297297297297,0.5905727057597875,0.7240500800698793
0.013513513513513514,0.6486486486486487,0.6152994702775589,0.5385063327995341
0.6216216216216216,0.6486486486486487,0.7247540010791783,0.42859222594264085
0.4954954954954955,0.7837837837837839,0.5757821488427812,0.6349541417964769
0.972972972972973,0.49999999999999994,0.5195405201999527,0.22659775804338333
0.44594594594594594,0.635135135135135,0.7856909466064723,0.44708108895035664
0.35585585585585583,0.7702702702702702,0.5881037473380247,0.6669820934633862
0.8333333333333334,0.6756756756756757,0.5472028938067608,0.4745232202649585
0.7927927927927928,0.5945945945945946,0.6050906244776281,0.4037705634007861
0.8783783783783784,0.7567567567567567,0.5987338418502921,0.739700101907119
0.5720720720720721,0.7567567567567567,0.5366305866404872,0.541927500363954
0.018018018018018018,0.5945945945945946,0.5526760258240513,0.36293492502547675
0.9954954954954955,0.28378378378378377,0.6077097688899591,0.12075993594409665
0.7117117117117117,0.5810810810810811,0.5929140426647599,0.4577813364390741
1.0,0.45945945945945943,0.5001466402083684,0.0742466152278352
0.7117117117117117,0.6486486486486487,0.6226742619222568,0.42640850196535157
0.5,0.7567567567567567,0.6329530644851905,0.6874363080506624
0.4954954954954955,0.6621621621621622,0.6903183757446275,0.4711748434997816
0.013513513513513514,0.7972972972972973,0.6944720039833665,0.8284320861843063
0.8738738738738738,0.6621621621621622,0.5119790414217844,0.44555248216625415
0.972972972972973,0.44594594594594594,0.553096887706103,0.22499636046003788
0.6576576576576577,0.7837837837837839,0.6590716618425638,0.7506187217935654
0.27927927927927926,0.7972972972972973,0.7304396548473548,0.7386810307177173
0.7117117117117117,0.7297297297297297,0.6963759089014497,0.5925171058378221
0.9459459459459459,0.5675675675675674,0.6303074814128787,0.37611005968845534
0.25225225225225223,0.7837837837837839,0.7431160541426692,0.8775658756733149
0.33783783783783783,0.5945945945945946,0.6061230681361279,0.3487407191730965
0.7027027027027027,0.9729729729729728,0.5171679460917648,0.70963750181977
0.972972972972973,0.35135135135135137,0.5653709886520045,0.10321735332653954
0.11711711711711711,0.6756756756756757,0.6509901337698331,0.4240791963895763
0.11711711711711711,0.6891891891891891,0.5335004505031015,0.47779880623089244
0.04504504504504504,0.7972972972972973,0.6136239711027996,0.8357839569078469
0.8468468468468469,0.7432432432432432,0.6365366418353567,0.5781045275877129
0.6801801801801802,0.5810810810810811,0.5678608634265417,0.3948900858931431
0.7117117117117117,0.6216216216216215,0.6435268626661044,0.42851943514339785
0.03153153153153153,0.4324324324324324,0.5935339123672554,0.35274421313146015
0.3153153153153153,0.6621621621621622,0.6098658005270359,0.4352889794729946
0.4954954954954955,0.6216216216216215,0.6479740770973362,0.526787014121415
0.6531531531531531,0.6486486486486487,0.6967388224871032,0.5546658902314747
0.6216216216216216,0.5945945945945946,0.6027728528530227,0.4390741010336293
0.42342342342342343,0.5810810810810811,0.630766252675225,0.251492211384481
0.2072072072072072,0.6621621621621622,0.749355517313801,0.505896054738681
0.5945945945945946,0.7432432432432432,0.6395520882826172,0.6800844373271219
0.45495495495495497,0.4189189189189189,0.6028534931741872,0.07257242684524677
0.7117117117117117,0.7027027027027025,0.5778077205864482,0.6236715679138157
0.6441441441441441,0.8378378378378377,0.5861141991543278,0.6987916727325666
0.8468468468468469,0.5135135135135135,0.6308015059515807,0.2779880623089242
0.8108108108108109,0.7027027027027025,0.6569140516989759,0.5751928956179938
0.06756756756756757,0.6891891891891891,0.6825246429827276,0.5021109331780462
0.44594594594594594,0.472972972972973,0.5611196945507299,0.28978017178628623
0.45495495495495497,0.7297297297297297,0.6145158013957057,0.6209783083418255
0.8468468468468469,0.48648648648648646,0.6503663974869419,0.28140922987334405
0.6621621621621622,0.635135135135135,0.6108802033527366,0.39110496433250835
0.15765765765765766,0.7972972972972973,0.6252964688223679,0.7341680011646528
0.3153153153153153,0.6891891891891891,0.5700914824058415,0.5662396273111079
0.7117117117117117,0.7162162162162162,0.6339561981262181,0.5794147619740865
0.6171171171171171,0.5810810810810811,0.5324630235026392,0.2826466734604746
0.4954954954954955,0.6756756756756757,0.5776083576246889,0.4242247779880623
0.7117117117117117,0.7567567567567567,0.6063070006531712,0.6189401659630223
0.5225225225225225,0.6216216216216215,0.6630817157206005,0.43623525986315326
0.11711711711711711,0.7162162162162162,0.5381657615960103,0.6788469937399912
0.8468468468468469,0.7297297297297297,0.4924681327266974,0.6140631824137428
0.8468468468468469,0.7567567567567567,0.7615346249967402,0.6931867811908574
0.4954954954954955,0.7027027027027025,0.6296930507146166,0.45254039889357983
0.02702702702702703,0.49999999999999994,0.5613351930891984,0.16545348667928375
0.963963963963964,0.5675675675675674,0.6779480002489848,0.3033920512447227
0.45045045045045046,0.635135135135135,0.62047625811273,0.5331198136555539
0.7117117117117117,0.7297297297297297,0.5914428803777382,0.5317367884699374
0.8198198198198198,0.7567567567567567,0.7194211971339118,0.6036540981219973
0.6801801801801802,0.9594594594594593,0.5661048231749218,0.9350706070752657
0.8468468468468469,0.7027027027027025,0.5660299902621417,0.6208327267433397
0.7927927927927928,0.7837837837837839,0.7153614992330891,0.7126947153879749
0.9009009009009009,0.6081081081081081,0.7142333965081437,0.30096569126995687
0.13063063063063063,0.6756756756756757,0.63587087123925,0.5070607075265686
0.3738738738738739,0.7027027027027025,0.4446059097624495,0.6125345756296404
0.8783783783783784,0.554054054054054,0.5965550481879269,0.20235842189547243
0.44594594594594594,0.635135135135135,0.598589135983834,0.4189110496433251
0.44594594594594594,0.5135135135135135,0.6276655069884903,0.16421604309215318
0.7117117117117117,0.635135135135135,0.5894746033549402,0.4666618139467171
0.28378378378378377,0.7297297297297297,0.680748153056001,0.5123744358713058
0.972972972972973,0.5810810810810811,0.6143070484295429,0.2812636482748581
0.7117117117117117,0.635135135135135,0.6019032534193441,0.43638084146163925
0.4954954954954955,0.7027027027027025,0.6002208607832604,0.5489154170912797
0.44594594594594594,0.6756756756756757,0.6731981601992543,0.5204542145872761
0.6216216216216216,0.7432432432432432,0.5990291942261815,0.7134226233804046
0.6621621621621622,0.8513513513513514,0.6197086664028719,0.7717280535740283
0.7432432432432432,0.6756756756756757,0.6146942301771388,0.5304993448828068
0.1036036036036036,0.5405405405405405,0.614266470335119,0.24785267142233222
0.44594594594594594,0.48648648648648646,0.508037647116627,0.2898529625855292
0.6621621621621622,0.5675675675675674,0.5959207375231733,0.4474450429465715
0.8783783783783784,0.5405405405405405,0.6077634027143443,0.5551754258261755
0.5945945945945946,0.5945945945945946,0.6514967843997153,0.41767360605619447
0.04504504504504504,0.7297297297297297,0.5236791498087816,0.7309652059979619
0.6216216216216216,0.6756756756756757,0.6114227237642397,0.5107002474887173
0.8108108108108109,0.6756756756756757,0.5541005185959602,0.5109186198864464
0.07207207207207207,0.4324324324324324,0.6448486789645764,0.32122579705925175
0.4954954954954955,0.7297297297297297,0.6088101348334479,0.7203377493084874
0.7117117117117117,0.8108108108108107,0.7295611106354157,0.8832435580142669
0.2882882882882883,0.8783783783783783,0.6244760873046942,0.8861551899839859
0.8648648648648649,0.6621621621621622,0.5298339321419616,0.5065511719318678
0.4144144144144144,0.0,0.5491547765630935,0.0
0.06756756756756757,0.5405405405405405,0.6180786021232407,0.23700684233512886
0.44594594594594594,0.3918918918918919,0.585244362726085,0.20417819187654682
0.536036036036036,0.7972972972972973,0.6196935983837311,0.66487116028534
0.6531531531531531,0.6621621621621622,0.625657653181378,0.46760809433687583
0.6621621621621622,0.9729729729729728,0.6396956079224471,0.9790362498180231
0.04954954954954955,0.7837837837837839,0.6340471108846895,0.6843063036832144
0.018018018018018018,0.5675675675675674,0.520523997644286,0.3218809142524385
0.545045045045045,0.635135135135135,0.6197540477455434,0.47168437909448246
0.04504504504504504,0.8918918918918918,0.6014170190319984,0.7659047896345903
0.15315315315315314,0.635135135135135,0.6115348235562524,0.4831853253748726
0.6441441441441441,0.7297297297297297,0.6722712345488071,0.5642742757315475
0.9594594594594594,0.6486486486486487,0.5919963804239633,0.410030572135682
0.5225225225225225,0.6891891891891891,0.6062770629128493,0.5350851652351142
0.11261261261261261,0.7027027027027025,0.6343497590205179,0.5288979472994613
0.5945945945945946,0.6486486486486487,0.6335469904933512,0.49905371960984124
0.6621621621621622,0.7432432432432432,0.5960239785876377,0.6934779443878294
0.6216216216216216,0.6891891891891891,0.603538598862745,0.48063764740136844
0.47297297297297297,0.3918918918918919,0.5539410950529198,0.11020527005386518
0.013513513513513514,0.7702702702702702,0.6440955742340064,0.7973504149075556
0.5225225225225225,0.6216216216216215,0.6568777171007734,0.5353763284320862
0.18468468468468469,0.7027027027027025,0.6562067270821635,0.6583927791527151
0.4954954954954955,0.5675675675675674,0.6688902661709073,0.4053719609841316
0.2072072072072072,0.7027027027027025,0.5899064205149727,0.49279371087494545
0.7117117117117117,0.9054054054054053,0.7067761313289417,0.781482020672587
0.07207207207207207,0.7027027027027025,0.6272350553477526,0.41490755568496146
0.7117117117117117,1.0,0.5891813046742648,0.6775367593536177
0.9594594594594594,0.527027027027027,0.5832148474518202,0.31176299315766487
0.7972972972972973,0.6486486486486487,0.6133600292062684,0.48726161013247926
0.972972972972973,0.6216216216216215,0.5664702069145792,0.3900131023438637
0.44144144144144143,0.7972972972972973,0.6478889778350994,0.7434852234677536
0.9684684684684685,0.45945945945945943,0.6040913390908439,0.2611005968845538
0.5135135135135135,0.7837837837837839,0.7172811786748393,0.595574319406027
0.5900900900900901,0.554054054054054,0.5985294056905193,0.3542728199155627
0.6306306306306306,0.6081081081081081,0.6053783878337328,0.365264230601252
0.6576576576576577,0.7297297297297297,0.6383038787442824,0.604673169311399
0.2072072072072072,0.7027027027027025,0.6163285798477868,0.4950502256514776
0.07657657657657657,0.472972972972973,0.5607246846139136,0.17098558742174993
0.7117117117117117,0.7027027027027025,0.5749809185588199,0.48755277332945113
0.990990990990991,0.5405405405405405,0.6520825458045276,0.18590770126655995
0.09009009009009009,0.6216216216216215,0.6238712848549376,0.3799679720483331
0.6441441441441441,0.6621621621621622,0.6436845221346997,0.4978162760227107
0.4189189189189189,0.8513513513513514,0.6418495174658461,0.8087785703887028
0.7117117117117117,0.6891891891891891,0.6386063792403349,0.49221138448100155
0.5765765765765766,0.44594594594594594,0.5078138153098597,0.14390741010336294
0.5045045045045045,0.7972972972972973,0.6454740335974283,0.6670548842626292
0.45495495495495497,0.7702702702702702,0.5157798591971452,0.8440093172223031
0.7117117117117117,0.5405405405405405,0.5381435386918033,0.2869413306158102
0.32432432432432434,0.5135135135135135,0.6096107440336522,0.2520017469791818
0.44594594594594594,0.7162162162162162,0.6626724478514688,0.4788178774202941
0.36036036036036034,0.7162162162162162,0.5242042578554016,0.6544620759935944
0.7117117117117117,0.7702702702702702,0.5397554138284922,0.664288833891396
0.013513513513513514,0.6081081081081081,0.6069969340336565,0.3798223904498471
0.5,0.7297297297297297,0.5647286980761657,0.5090988499053719
0.8423423423423423,0.45945945945945943,0.4559387935620255,0.25716989372543314
0.4954954954954955,0.6081081081081081,0.5844678217340206,0.3544184015140487
0.19369369369369369,0.6216216216216215,0.6332526032755998,0.5099723394962876
0.6216216216216216,0.6486486486486487,0.6358643650064193,0.4774348522346775
0.5225225225225225,0.7837837837837839,0.587190615472908,0.7704906099868977
0.47297297297297297,0.14864864864864866,0.5632551657894223,0.09229873344009318
0.6891891891891891,0.8513513513513514,0.6396763787186568,0.9244431503857913
0.5540540540540541,0.5675675675675674,0.3860293135423705,0.395254039889358
0.1981981981981982,0.635135135135135,0.6368169502645475,0.5134662978599505
1.0,0.49999999999999994,0.5705994630655099,0.12971320425098268
0.7477477477477478,0.7837837837837839,0.6986728084702261,0.5313000436744796
0.11711711711711711,0.40540540540540543,0.6824831355770544,0.2509098849905372
0.7117117117117117,0.7027027027027025,0.6168652488431188,0.571771728053574
0.8693693693693694,0.6216216216216215,0.6339086790116436,0.44154898820789046
0.4954954954954955,0.8783783783783783,0.9477794743732295,0.6955160867666327
0.11711711711711711,0.6891891891891891,0.6706330389714504,0.5377784248071044
0.8018018018018018,0.6486486486486487,0.710461714874667,0.49970883680302813
0.44594594594594594,0.48648648648648646,0.6778836295780875,0.19908283592953852
0.6801801801801802,0.6756756756756757,0.6085440551453672,0.5612898529625855
0.1036036036036036,0.7432432432432432,0.631617215611286,0.7784248071043819
0.8468468468468469,0.6621621621621622,0.6083201840918628,0.4497015577231038
0.4144144144144144,0.8918918918918918,0.6081635072171167,0.6162469063910321
0.12612612612612611,0.7162162162162162,0.5718287255005498,0.5946280390158684
0.4954954954954955,0.7432432432432432,0.547862300409593,0.5644198573300335
0.7117117117117117,0.5945945945945946,0.5845008147968076,0.40289707380987044
0.972972972972973,0.48648648648648646,0.5630803200669676,0.23758916872907268
0.3153153153153153,0.6756756756756757,0.6975665407903839,0.45377784248071046
0.44594594594594594,0.22972972972972974,0.3428091150820073,0.05553937982239045
0.6891891891891891,0.7567567567567567,0.65316142810698,0.7747124763429902
0.6441441441441441,0.9189189189189187,0.6512051886140879,0.7356238171495123
0.5135135135135135,0.7972972972972973,0.6256588452019417,0.6623234823118358
0.8468468468468469,0.6891891891891891,0.5441999248482243,0.5216916581744068
0.04504504504504504,0.5135135135135135,0.6001203278383261,0.23795312272528757
1.0,0.40540540540540543,0.5425633390302618,0.1817586257097103
0.11711711711711711,0.6891891891891891,0.6447535424235963,0.5858203523074683
0.9234234234234234,0.5405405405405405,0.6159700111893867,0.39925753384772167
0.7117117117117117,0.7702702702702702,0.7353693507875986,0.6217790071334983
0.07207207207207207,0.472972972972973,0.5877633123622423,0.22062891250545932
0.15765765765765766,0.6081081081081081,0.5379868585720022,0.3968554374727034
0.1036036036036036,0.635135135135135,0.5717139531120903,0.4649876255641287
0.1981981981981982,0.6756756756756757,0.6849366816738676,0.5612898529625855
0.6441441441441441,0.7297297297297297,0.6417530271959688,0.6702576794293201
0.16216216216216217,0.8783783783783783,0.6354035604110676,0.778497597903625
0.7117117117117117,0.554054054054054,0.6794740277672072,0.34786722958218086
0.6576576576576577,0.6756756756756757,0.6183036281397378,0.48456835056048914
0.8783783783783784,0.527027027027027,0.5894595346810879,0.19325957199010046
0.8468468468468469,0.635135135135135,0.6283224865490173,0.5530644926481293
0.9504504504504504,0.6486486486486487,0.5799943231167524,0.37771145727180083
0.7117117117117117,0.5675675675675674,0.555036995252201,0.410103362934925
0.4954954954954955,0.44594594594594594,0.5634009553443343,0.20476051827049063
0.963963963963964,0.28378378378378377,0.6472278289656228,0.058378220992866506
0.6216216216216216,0.635135135135135,0.594144286129648,0.37618285048769834
0.14864864864864866,0.8108108108108107,0.5859974939813637,0.8659921385936818
0.5225225225225225,0.8513513513513514,0.6201952734522915,0.7115300626000873
0.44594594594594594,0.5945945945945946,0.5908707756138044,0.37734750327558597
0.1036036036036036,0.40540540540540543,0.0,0.32202649585092447
0.7522522522522522,0.7027027027027025,0.6292934666552421,0.5596884553792401
0.0,0.24324324324324326,0.5362804871425393,0.019653515795603437
0.013513513513513514,0.8783783783783783,0.6295053665719695,0.6957344591643616
0.7117117117117117,0.49999999999999994,0.6482052976557537,0.20250400349395836
0.44594594594594594,0.7027027027027025,0.5303764855631995,0.4584364536322609
0.15765765765765766,0.5945945945945946,0.5778591211329795,0.3511428155481148
0.6621621621621622,0.6081081081081081,0.576483474471119,0.3270490609986898
0.2702702702702703,0.5810810810810811,0.5450733918540276,0.3006260008734896
0.3108108108108108,0.9324324324324325,0.6990957545046672,0.9601834328140922
0.581081081081081,0.5945945945945946,0.5884945666916929,0.36963167855583057
0.4954954954954955,0.8513513513513514,0.6035075067508456,0.9565438928519435
0.5405405405405406,0.8783783783783783,0.6001534871148246,0.7137865773766195
0.07657657657657657,0.5135135135135135,0.5762875528840038,0.27267433396418694
0.6846846846846847,0.7567567567567567,0.6610004055422162,0.6146455088076868
0.2072072072072072,0.7837837837837839,0.6183681329864978,0.7345319551608677
0.3333333333333333,0.5945945945945946,0.5941003062259511,0.3067404280098996
0.972972972972973,0.5135135135135135,0.4336228417089112,0.21655262774785267
0.06306306306306306,0.8243243243243242,0.6600200718750577,0.7260154316494395
0.8783783783783784,0.5675675675675674,0.6091640037110877,0.3371669820934634
0.7612612612612613,0.5675675675675674,0.4105004885571258,0.22841752802445772
0.7387387387387387,0.7972972972972973,0.5251897887989493,0.7712185179793274
0.6216216216216216,0.5405405405405405,0.6593165573237832,0.3160576503130004
0.8783783783783784,0.6216216216216215,0.567991960139173,0.49737953122725287
0.8468468468468469,0.8243243243243242,0.5664855651518901,0.5872761682923279
0.42342342342342343,0.6891891891891891,0.5490333341393981,0.6068568932886883
0.6441441441441441,0.7567567567567567,0.6253141852796735,0.8148202067258697
0.10810810810810811,0.8378378378378377,0.6358236833946814,0.9546513320716262
0.963963963963964,0.4324324324324324,0.5697345098456051,0.16181394671713498
0.7117117117117117,0.6621621621621622,0.5312850916303468,0.5188528170039307
0.013513513513513514,0.5945945945945946,0.5942674756083913,0.42793710874945406
0.44594594594594594,0.7297297297297297,0.5962264979594588,0.6093317804629494
0.25675675675675674,0.7027027027027025,0.5565282772694568,0.6302955306449265
0.4954954954954955,0.7162162162162162,0.5787771405773815,0.6495850924443151
0.6846846846846847,0.635135135135135,0.6508114884432891,0.3916144999272092
0.5135135135135135,0.5675675675675674,0.60313847584883,0.39176008152569514
0.8513513513513513,0.6486486486486487,0.5737928347210942,0.5373416800116465
0.22072072072072071,0.7432432432432432,0.6424743206658835,0.6184306303683214
0.4954954954954955,0.635135135135135,0.672834901532775,0.32362789343426995
0.6126126126126126,0.527027027027027,0.5430207799842077,0.17011209783083417
0.4954954954954955,0.6486486486486487,0.7158475406005907,0.3820789052263794
0.11711711711711711,0.7162162162162162,0.5675133498636711,0.6774639685543747
0.17117117117117117,0.3783783783783784,0.5817613958909235,0.20046586111515508
0.9594594594594594,0.6216216216216215,0.5807303209956637,0.4440238753821517
0.5225225225225225,0.472972972972973,0.6051210079816638,0.077813364390741
0.44594594594594594,0.24324324324324326,0.6148277161300665,0.11093317804629493
0.4144144144144144,0.8918918918918918,0.6048671100727641,0.8542000291163198
0.4954954954954955,0.6081081081081081,0.6239967604941107,0.35339933032464704
0.44594594594594594,0.7432432432432432,0.5867633185530493,0.6808123453195516
0.02702702702702703,0.7162162162162162,0.5358753945319225,0.6163196971902751
0.4144144144144144,0.7162162162162162,0.6578210961218705,0.619740864754695
0.7117117117117117,0.6621621621621622,0.7113876233007602,0.42255058960547387
0.7117117117117117,0.7972972972972973,0.5923384806624363,0.601979909739409
0.8468468468468469,0.7432432432432432,0.6000201850787111,0.6032901441257825
0.7657657657657657,0.7567567567567567,0.5132186847648755,0.6039452613189693
0.5495495495495496,0.5675675675675674,0.6359720691501526,0.3446644344154899
0.8468468468468469,0.7567567567567567,0.5897293269628667,0.49883534721211237
0.44594594594594594,0.6081081081081081,0.5424988636674247,0.40799242975687877
0.8468468468468469,0.7297297297297297,0.6017618876832104,0.6954432959673897
0.4144144144144144,0.6756756756756757,0.6170722765402888,0.44504294657155336
0.38288288288288286,0.6621621621621622,0.49306616564657807,0.48391323336730235
0.15765765765765766,0.5405405405405405,0.8302348401451324,0.20963750181976998
0.11711711711711711,0.7837837837837839,0.5839960393659568,0.7926918037560052
0.7342342342342343,0.6486486486486487,0.7098856608560559,0.47073809870432376
0.4954954954954955,0.7702702702702702,0.586735057603508,0.44497015577231036
0.8648648648648649,0.7297297297297297,0.6161511907154195,0.7294365992138593
0.02252252252252252,0.7972972972972973,0.641336111577418,0.7187363517251419
0.7792792792792793,0.8783783783783783,0.6442903519386148,0.9017324210219828
0.11711711711711711,0.8648648648648649,0.8191573145218164,0.6208327267433397
0.7477477477477478,0.7567567567567567,0.6215879805881152,0.6148638812054156
0.4954954954954955,0.5810810810810811,0.5534837513826036,0.290508079778716
0.8468468468468469,0.5135135135135135,0.6209828265580042,0.28854272819915566
0.8423423423423423,0.5810810810810811,0.5634886413820935,0.4037705634007861
0.6486486486486487,0.635135135135135,0.6487184775319425,0.440020381423788
0.06756756756756757,0.24324324324324326,0.6640638369557929,0.0058960547386810265
0.4954954954954955,0.7027027027027025,0.5947723138986656,0.6036540981219973
0.7027027027027027,0.8108108108108107,0.5943226663329529,0.7245596156645799
0.45045045045045046,0.7432432432432432,0.6336331998219873,0.7747852671422332
0.8333333333333334,0.7027027027027025,0.603536182173237,0.6072936380841462
0.22522522522522523,0.8918918918918918,0.6067823325272008,0.8253020818168584
0.11711711711711711,0.6486486486486487,0.6431679442063409,0.3332362789343427
0.6846846846846847,0.6216216216216215,0.6606362578072231,0.42000291163196973
0.7927927927927928,0.6216216216216215,0.7117255019547737,0.40704614936672
0.07207207207207207,0.6756756756756757,0.5941988165077479,0.580943368758189
0.4954954954954955,0.6756756756756757,0.7056728550096016,0.5705342844664434
0.527027027027027,0.7297297297297297,0.5620669032723495,0.6698209346338623
0.42792792792792794,0.6486486486486487,0.661875228688048,0.3380404716843791
0.26126126126126126,0.3783783783783784,0.49905069073807545,0.2849759790362498
0.1036036036036036,0.40540540540540543,0.588323971276554,0.10409084291745524
0.23873873873873874,0.8378378378378377,0.5966104490017696,0.7888338913961276
0.3963963963963964,0.6081081081081081,0.6153997653373731,0.4154898820789052
0.5225225225225225,0.5945945945945946,0.6130552393832567,0.4032610278060853
0.5630630630630631,0.45945945945945943,0.5970314700441545,0.4473722521473285
0.9864864864864865,0.7297297297297297,0.6060826047978563,0.7231765904789634
0.45495495495495497,0.7837837837837839,0.621295583929705,0.7208472849031883
0.5630630630630631,0.7432432432432432,0.6188901977990374,0.5625272965497161
0.04504504504504504,0.7972972972972973,0.5678395312283461,0.5462221575192896
0.8918918918918919,0.5945945945945946,0.627863390550195,0.39438055029844227
0.5225225225225225,0.7162162162162162,0.5979825496946881,0.5463677391177755
0.8198198198198198,0.6081081081081081,0.621210447506964,0.3572572426845247
0.07207207207207207,0.5810810810810811,0.6068750532145208,0.28424807104382005
0.26576576576576577,0.6081081081081081,0.6144255533615144,0.38928519435143394
0.44594594594594594,0.6081081081081081,0.7110677097560263,0.4202212840296986
0.03153153153153153,0.3648648648648648,0.6154654761270048,0.20767215024020966
0.5405405405405406,0.7432432432432432,0.6957572042570285,0.6484204396564274
0.04504504504504504,0.8783783783783783,0.8342254496088963,0.7466152278352017
0.14414414414414414,0.7027027027027025,0.5576763841784836,0.5401805211821226
0.7117117117117117,0.9054054054054053,0.6807978461085478,0.5487698354927937
0.8873873873873874,0.5405405405405405,0.6019745345967211,0.28424807104382005
0.44594594594594594,0.4189189189189189,0.5160917130535781,0.03362934925025477
0.8783783783783784,0.7837837837837839,0.5618733766662559,0.6292764594555248
0.1981981981981982,0.44594594594594594,0.6354946727069785,0.1930411995923715
0.8603603603603603,0.6081081081081081,0.6457767710531636,0.3646819042073082
0.5225225225225225,0.8108108108108107,0.6036004761306897,0.8412432668510701
0.7117117117117117,0.635135135135135,0.523668111483051,0.40704614936672
0.44594594594594594,0.5675675675675674,0.5828849116173143,0.2110933178046295
0.21621621621621623,0.5675675675675674,0.6710758802687383,0.23358567477070902
0.5225225225225225,0.45945945945945943,0.5885943549231805,0.1805211821225797
0.18018018018018017,0.49999999999999994,0.5447544733010544,0.22652496724414034
0.9099099099099099,0.28378378378378377,0.6154276354783924,0.044256805939729214
0.6441441441441441,0.8243243243243242,0.6362880139547809,0.7101470374144707
0.44594594594594594,0.5675675675675674,0.5988414237402854,0.2458145290435289
0.5225225225225225,0.554054054054054,0.6327831381206399,0.24894453341097686
0.6216216216216216,0.6891891891891891,0.571475932781923,0.556067113116902
0.24774774774774774,0.24324324324324326,0.6294587690207205,0.08509244431503858
0.02252252252252252,0.6891891891891891,0.6431618886103959,0.5133935070607075
0.16216216216216217,0.9189189189189187,0.665854237782333,0.7706361915853837
0.6621621621621622,0.7837837837837839,0.5760122584584016,0.7852671422332217
0.7117117117117117,0.6756756756756757,0.600383117777418,0.5737370796331344
0.5720720720720721,0.8378378378378377,0.600657833227048,0.8704323773475032
0.2927927927927928,0.7837837837837839,0.540383112953117,0.712767506187218
0.24324324324324326,0.7702702702702702,0.6390918937974823,0.7757315475323919
0.3963963963963964,0.8243243243243242,0.6206567466291827,0.936744795457854
0.9459459459459459,0.635135135135135,0.5048607546889367,0.476051827049061
0.972972972972973,0.6081081081081081,0.6047259926127418,0.4799825302081817
0.6216216216216216,0.7297297297297297,0.6316317087618314,0.6246906391032173
0.2927927927927928,0.7972972972972973,0.5810186576840012,0.8242102198282137
0.7612612612612613,0.5945945945945946,0.6178725838140208,0.33279953413888486
0.7657657657657657,0.7432432432432432,0.7098499279294874,0.7343135827631387
0.7117117117117117,0.6621621621621622,0.5634746893024198,0.4377638666472558
0.990990990990991,0.7432432432432432,1.0,0.5925898966370651
0.5225225225225225,0.7567567567567567,0.5890452746539306,0.526787014121415
0.8378378378378378,0.2972972972972973,0.5822454920243564,0.22303100888047753
0.7657657657657657,0.635135135135135,0.5389152006320772,0.4510117921094773
0.972972972972973,0.472972972972973,0.5621867157675937,0.16356092589896637
0.5225225225225225,0.35135135135135137,0.6313254580288507,0.16676372106565732
0.06756756756756757,0.5405405405405405,0.6679312583880674,0.21728053574028244
0.4954954954954955,0.8378378378378377,0.5919128687143946,0.7707089823846266
0.7117117117117117,0.14864864864864866,0.5211908507477925,0.21669820934633863
0.1036036036036036,0.4324324324324324,0.6223993195641627,0.16734604745960113
0.3963963963963964,0.7567567567567567,0.59075809051709,0.6270199446789926
0.7117117117117117,0.7837837837837839,0.6302683681429224,0.7955306449264812
0.07207207207207207,0.4189189189189189,0.4799800248595674,0.07213568204978892
0.5045045045045045,0.44594594594594594,0.5106302739626108,0.24355801426699666
0.8468468468468469,0.45945945945945943,0.5704964190611548,0.22798078322899987
0.6621621621621622,0.5945945945945946,0.5817413527384676,0.24872616101324793
0.5225225225225225,0.6891891891891891,0.6352821398606174,0.4542145872761683
0.32882882882882886,0.6891891891891891,0.6087120378186893,0.622652496724414
0.27927927927927926,0.7162162162162162,0.7224755846962044,0.6424515941185034
0.5495495495495496,0.25675675675675674,0.6101698749444113,0.17244140340660943
0.6531531531531531,0.7702702702702702,0.624611818762282,0.7886155189983985
0.7117117117117117,0.5810810810810811,0.6041413911302783,0.4243703595865483
0.5135135135135135,0.5675675675675674,0.513969561722248,0.42196826321153
0.4954954954954955,0.6891891891891891,0.5388270108254496,0.4269180375600524
0.45045045045045046,0.2972972972972973,0.5019677418602718,0.13830251856165382
0.22072072072072071,0.8108108108108107,0.579910248611798,0.7525840733731256
0.8198198198198198,0.6756756756756757,0.5367081129243282,0.4912651040908429
0.7612612612612613,0.7297297297297297,0.574312676515336,0.6183578395690785
0.954954954954955,0.3783783783783784,0.6091211739624811,0.1665453486679284
0.5045045045045045,0.8648648648648649,0.6230885521240888,0.5850196535157955
0.44594594594594594,0.6216216216216215,0.6111876972278069,0.38630077158247195
0.4954954954954955,0.6891891891891891,0.6286846287634019,0.5302809724850779
0.44594594594594594,0.5405405405405405,0.5796135574430455,0.27121851797932744
0.7117117117117117,0.7837837837837839,0.6203548964310626,0.4931576648711603
0.44594594594594594,0.7972972972972973,0.6382657999238509,0.7782792255058961
0.44594594594594594,0.5135135135135135,0.655747065150617,0.2859950502256515
0.7117117117117117,0.6891891891891891,0.6574785697919276,0.4419129422041054
0.7432432432432432,0.7432432432432432,0.5854697177303119,0.6270199446789926
0.42342342342342343,0.7567567567567567,0.6005504350324449,0.7776968991119522
0.7117117117117117,0.3918918918918919,0.5637109753546202,0.23649730674042804
0.8198198198198198,0.7027027027027025,0.6482909320686846,0.6666181394671713
0.6396396396396397,0.8783783783783783,0.6092707403134031,0.8126364827485805
0.44594594594594594,0.6486486486486487,0.5741809281367766,0.5097539670985587
0.545045045045045,0.0,0.635185319740869,0.03100888047750764
0.7117117117117117,0.6081081081081081,0.6461993738408718,0.4630950647838113
0.5,0.5945945945945946,0.6061154871903792,0.4564711020527005
0.8288288288288288,0.7027027027027025,0.6660542287936281,0.6526423060125199
0.6621621621621622,0.8243243243243242,0.6204686903666081,0.8164216043092153
0.7117117117117117,0.8243243243243242,0.7206076245384356,0.9226961712039597
0.972972972972973,0.635135135135135,0.6258665064871686,0.38273402241956617
0.43243243243243246,0.6756756756756757,0.5823098265592555,0.5247488717426118
0.3963963963963964,0.7297297297297297,0.6240671851923274,0.6070024748871743
0.5225225225225225,0.4189189189189189,0.6173734648655227,0.2872324938127821
0.1036036036036036,0.7027027027027025,0.6206922597111229,0.6222157519289562
0.2882882882882883,0.5675675675675674,0.4704906778274376,0.4392924734313583
0.44594594594594594,0.472972972972973,0.7745471870247672,0.16494395108458293
0.4954954954954955,0.5135135135135135,0.25619875162599337,0.46047459601106416
0.34684684684684686,0.8918918918918918,0.6933895858402841,0.7445042946571553
0.7117117117117117,0.7162162162162162,0.5986546917758354,0.46142087640122287
0.6216216216216216,0.5945945945945946,0.6221109272394096,0.27209200757024316
0.4954954954954955,0.7027027027027025,0.6807340527993413,0.6391760081525695
0.15765765765765766,0.8108108108108107,0.6288921292997887,0.7489445334109768
0.3063063063063063,0.7162162162162162,0.6887799226442385,0.6468918328723249
0.5585585585585585,0.6621621621621622,0.44941138120925406,0.41658174406754983
0.03153153153153153,0.31081081081081086,0.6240164056595608,0.03130004367447955
0.0945945945945946,0.635135135135135,0.6727849513539647,0.4441694569806376
0.43243243243243246,0.6621621621621622,0.549543567507613,0.5109914106856893
0.45045045045045046,0.5945945945945946,0.6195222259358018,0.23729800553210076
0.8468468468468469,0.7162162162162162,0.6285187432640537,0.6266559906827777
0.545045045045045,0.5135135135135135,0.6565071708692872,0.32333673023729803
0.1036036036036036,0.6756756756756757,0.552607762901062,0.5139758334546513
0.44594594594594594,0.5810810810810811,0.625126631749397,0.2676517688164216
0.7117117117117117,0.7162162162162162,0.6066876309344239,0.5021109331780462
0.9459459459459459,0.8243243243243242,0.6654329992127674,0.6748434997816276
0.0045045045045045045,0.44594594594594594,0.5357151508243312,0.09186198864463532
0.45495495495495497,0.7432432432432432,0.5609643101522552,0.5224195661668365
0.6216216216216216,0.49999999999999994,0.5102772092130639,0.19544329596738974
0.16216216216216217,0.5945945945945946,0.6495104948566408,0.3744358713058669
0.45495495495495497,0.8378378378378377,0.5721600313122851,0.727689620032028
0.3963963963963964,0.9054054054054053,0.7040080674506587,0.8499053719609841
0.5225225225225225,0.635135135135135,0.5846678223214888,0.4658611151550444
0.4594594594594595,0.554054054054054,0.5958665990207614,0.2817003930703159
0.15765765765765766,0.7702702702702702,0.5916056161946737,0.5604891541709128
0.17567567567567569,0.472972972972973,0.6282533619211864,0.21182122579705925
0.44594594594594594,0.10810810810810814,0.5788383751568144,0.03988935798515068
0.972972972972973,0.6081081081081081,0.5096954799071137,0.39802009026059104
0.8288288288288288,0.4324324324324324,0.7186613181645445,0.11428155481147183
1.0,0.6891891891891891,0.565609291713829,0.5787596447808997
0.8918918918918919,0.9054054054054053,0.6808767657461703,0.8348376765176881
0.5225225225225225,0.7162162162162162,0.6262518780906747,0.5036395399621488
0.36936936936936937,0.9459459459459459,0.9504456507913868,0.7190275149221138
0.7117117117117117,0.554054054054054,0.5271646016893367,0.2751492211384481
0.6621621621621622,0.8513513513513514,0.6317690527466034,0.7058523802591352
0.7117117117117117,0.7972972972972973,0.6806327493928159,0.7763138739263358
0.7117117117117117,0.8108108108108107,0.680207856540194,0.7347503275585965
0.22072072072072071,0.5405405405405405,0.5619188628180897,0.26124617848303977
0.4189189189189189,0.6756756756756757,0.5979437803888272,0.5918619886446352
0.7117117117117117,0.6081081081081081,0.5433729572167509,0.36344446062017766
0.02252252252252252,0.7702702702702702,0.9676578906118419,0.7203377493084874
0.7792792792792793,0.8378378378378377,0.715447039922974,0.841461639248799
0.04504504504504504,0.5810810810810811,0.5538907886997985,0.2623380404716844
0.5045045045045045,0.6216216216216215,0.6635913638908354,0.3764740136846702
0.1036036036036036,0.5675675675675674,0.6166738348995439,0.3673751637792983
0.7612612612612613,0.7297297297297297,0.6913753160771119,0.71233076139176
0.35135135135135137,0.6621621621621622,0.7385771685788357,0.4622943659921385
0.7117117117117117,0.21621621621621623,0.6077474545562307,0.0847284903188237
0.7117117117117117,0.8378378378378377,0.6128056424220634,0.895108458290872
0.4954954954954955,0.5810810810810811,0.5746346239738694,0.33360023293055757
0.6576576576576577,0.18918918918918917,0.569131286558312,0.051535885864026784
0.6216216216216216,0.5675675675675674,0.6470591784642296,0.3052846120250401
0.7117117117117117,0.7702702702702702,0.7692276060610341,0.6518416072208473
0.972972972972973,0.5810810810810811,0.6911642467883629,0.4181103508516523
1.0,0.5405405405405405,0.5569102301627672,0.20621633425535013
0.25675675675675674,0.8648648648648649,0.71877138205069,0.7853399330324646
0.8468468468468469,0.7432432432432432,0.6398578058567148,0.6091134080652205
0.03153153153153153,0.9729729729729728,0.7198622724385604,1.0
0.06306306306306306,0.7702702702702702,0.7204977385266474,0.6088950356674917
0.4954954954954955,0.7297297297297297,0.5439503742985201,0.6827776968991119
0.1036036036036036,0.7432432432432432,0.6180321393543352,0.57191730965206
0.6756756756756757,0.6081081081081081,0.6545978699936895,0.32421021982821374
0.6216216216216216,0.5405405405405405,0.5949329299053638,0.40282428301062745
0.7162162162162162,0.8108108108108107,0.5679078206172743,0.655772310379968
0.5225225225225225,0.45945945945945943,0.5829649428565452,0.10001455815984858
0.7747747747747747,0.472972972972973,0.5420863517702602,0.1985733003348377
0.8468468468468469,0.6891891891891891,0.6045494398591198,0.5363953996214879
0.9459459459459459,0.3783783783783784,0.5880930565927915,0.08873198427718736
0.0945945945945946,0.554054054054054,0.6368795480074696,0.2990973940893871
0.1036036036036036,0.8513513513513514,0.6263934183193731,0.9284466443441549
0.8468468468468469,0.5810810810810811,0.6629407927134746,0.4206580288251565
0.1036036036036036,0.527027027027027,0.5130741346340243,0.12141505313728346
0.44594594594594594,0.6621621621621622,0.7102970194990677,0.5246032901441258
0.44594594594594594,0.7162162162162162,0.5531391337591947,0.6056194497015578
0.7117117117117117,0.7567567567567567,0.6296448579282417,0.7615373416800117
0.8783783783783784,0.5675675675675674,0.6161785464429521,0.34262629203668654
0.6936936936936937,0.7027027027027025,0.6156655880766257,0.6837967680885136
0.7117117117117117,0.7567567567567567,0.7157892532740887,0.7590624545057505
0.5945945945945946,0.8783783783783783,0.6096993540556751,0.9618576211966807
0.5315315315315315,0.554054054054054,0.5919895507968836,0.2959673897219392
0.8468468468468469,0.7972972972972973,0.531069827177197,0.5972485077886155
0.9279279279279279,0.6486486486486487,0.920914536278221,0.5160139758334547
0.46846846846846846,0.6081081081081081,0.643478358628065,0.25491337894890087
0.2072072072072072,0.28378378378378377,0.5416224015774438,0.2132042509826758
0.3918918918918919,0.8108108108108107,0.6713804433517073,0.81409229873344
0.6531531531531531,0.7027027027027025,0.6750299903378861,0.6003785121560634
0.7117117117117117,0.554054054054054,0.5292617667074208,0.22572426845246762
0.45495495495495497,0.8378378378378377,0.6370572643428358,0.8276313873926336
0.3783783783783784,0.7162162162162162,0.601591099322675,0.4978162760227107
0.8468468468468469,0.527027027027027,0.5697637158254446,0.26270199446789927
0.05855855855855856,0.8918918918918918,0.9010651564290055,0.9918474304847867
1.0,0.5675675675675674,0.7431540534939468,0.2408647546950066
0.7117117117117117,0.7567567567567567,0.6140135051300631,0.7233221720774494
0.7117117117117117,0.6486486486486487,0.6545527490607383,0.40435288979472994
0.13063063063063063,0.635135135135135,0.5405219306627943,0.4390013102343863
0.5,0.18918918918918917,0.6482932947062224,0.10074246615227835
0.44594594594594594,0.6486486486486487,0.6006422116211743,0.39212403552191
0.11711711711711711,0.7432432432432432,0.5473266553550251,0.7621924588731984
0.6531531531531531,0.7837837837837839,0.6489227882707461,0.5069879167273257
0.05405405405405406,0.7837837837837839,0.5651360444995357,0.4679720483330907
0.6621621621621622,0.3783783783783784,0.557288709999822,0.28461202504003497
0.7117117117117117,0.8378378378378377,0.6469958165083513,0.7921822681613044
0.19369369369369369,0.5810810810810811,0.6035475158387598,0.3516523511428155
0.7162162162162162,0.6756756756756757,0.6914595193827563,0.5098995486970447
0.25675675675675674,0.6216216216216215,0.5787305357531993,0.4952685980492066
0.07207207207207207,0.6216216216216215,0.5817354290825465,0.46549716115882955
0.6216216216216216,0.5405405405405405,0.5707350954894218,0.26423060125200176
0.4864864864864865,0.7567567567567567,0.6291038274627095,0.6323336730237298
0.5225225225225225,0.7027027027027025,0.5843016646596596,0.5469500655117193
0.08108108108108109,0.4324324324324324,0.5194951188387047,0.4336147910904061
0.44594594594594594,0.6216216216216215,0.7004169707352308,0.4645508807686708
0.25225225225225223,0.7972972972972973,0.5779069013831918,0.8120541563546367
0.8468468468468469,0.7162162162162162,0.5886958737771371,0.47765322463240645
0.5045045045045045,0.49999999999999994,0.5468900913803386,0.2491629058087058
0.918918918918919,0.7297297297297297,0.6102699805490377,0.62891250545931
0.14414414414414414,0.6486486486486487,0.568656950333958,0.4986897656136264
0.45495495495495497,0.7432432432432432,0.6659912536156276,0.5937545494249526
0.7612612612612613,0.7432432432432432,0.5901392120603056,0.6091861988644636
0.9819819819819819,0.7567567567567567,0.5905560145792248,0.6276022710729363
0.5225225225225225,0.7432432432432432,0.5128907812192063,0.6454360168874654
0.11711711711711711,0.8243243243243242,0.5824436843280558,0.7048333090697336
0.6441441441441441,0.8918918918918918,0.6348480557312969,0.9467899257533848
0.7117117117117117,0.5135135135135135,0.5260293001958456,0.22237589168729074
0.8243243243243243,0.8783783783783783,0.5995710149734274,0.5923715242393361
0.44594594594594594,0.554054054054054,0.5314076342903243,0.32748580579414766
0.4954954954954955,0.7972972972972973,0.6530504263406821,0.6961712039598195
0.4144144144144144,0.6621621621621622,0.5602005116787102,0.5051681467462513
0.02252252252252252,0.49999999999999994,0.5477656529080396,0.3073227544038434
0.5225225225225225,0.635135135135135,0.6270093634533355,0.5141214150531372
0.12612612612612611,0.7702702702702702,0.7552218549552479,0.6134808560197991
0.1036036036036036,0.6486486486486487,0.6693277032650964,0.5850196535157955
0.4954954954954955,0.6891891891891891,0.5917958192487085,0.4742320570679866
0.8963963963963963,0.7972972972972973,0.6058914831727004,0.7910176153734169
0.04504504504504504,0.7432432432432432,0.6142480765972258,0.5162323482311836
0.8468468468468469,0.6621621621621622,0.6004068076414086,0.4652059979618576
0.8333333333333334,0.7297297297297297,0.6078825665101885,0.6320425098267579
0.6081081081081081,0.6216216216216215,0.6229399791318635,0.3970010190711894
0.972972972972973,0.7837837837837839,0.57060455728011,0.628621342262338
0.27927927927927926,0.8243243243243242,0.6064631351682259,0.5900422186635609
0.7117117117117117,0.5945945945945946,0.5304410592369384,0.3709419129422041
0.7117117117117117,0.7837837837837839,0.5920262646812033,0.6500218372397729
0.45495495495495497,0.7297297297297297,0.7106132254057369,0.5833454651332072
0.36486486486486486,0.5945945945945946,0.6434567329036325,0.27733294511573736
0.4954954954954955,0.8243243243243242,0.5653603175555862,0.7805357402824283
0.08558558558558559,0.45945945945945943,0.6845385683510317,0.164798369486097
0.5225225225225225,0.6216216216216215,0.6020437487023245,0.4796913670112098
0.25225225225225223,0.7972972972972973,0.6117480400053107,0.8014994904644053
0.38738738738738737,0.7297297297297297,0.634529688461445,0.5975396709855875
0.7117117117117117,0.5135135135135135,0.5838136391624403,0.24850778861551903
0.5045045045045045,0.8108108108108107,0.6152092529106133,0.6702576794293201
0.1036036036036036,0.7162162162162162,0.6278148974843183,0.5082981511136992
0.0,0.7837837837837839,0.5818520622271045,0.6546804483913233
0.02252252252252252,0.7432432432432432,0.6611127016288437,0.604745960110642
0.15765765765765766,0.5675675675675674,0.5780099934033684,0.2560780317367885
0.30180180180180183,0.7432432432432432,0.7044068275606206,0.6618139467171349
0.6441441441441441,0.7702702702702702,0.6522173293860758,0.6327704178191876
0.4954954954954955,0.554054054054054,0.5610427395755127,0.27049060998689767
0.5225225225225225,0.6756756756756757,0.5557855822222832,0.49949046440529915
0.2972972972972973,0.5810810810810811,0.5798125536146674,0.2101470374144708
0.8918918918918919,0.7702702702702702,0.5966395453049929,0.6058378220992866
0.14414414414414414,0.6891891891891891,0.5831794349027467,0.5550298442276896
0.20270270270270271,0.5405405405405405,0.6053397667956392,0.21516960256223616
0.6216216216216216,0.7702702702702702,0.5654414798649514,0.6460183432814093
0.0990990990990991,0.40540540540540543,0.6265343625161645,0.2646673460474596
0.0990990990990991,0.7297297297297297,0.7014865764303027,0.6158829523948173
0.545045045045045,0.472972972972973,0.559016438624912,0.14623671567913815
0.44594594594594594,0.28378378378378377,0.5538895579629348,0.17382442859222597
0.6981981981981982,0.8648648648648649,0.570435878821601,0.8143106711311691
0.1036036036036036,0.6621621621621622,0.5580909343283394,0.47525112825738824
0.7117117117117117,0.5675675675675674,0.571938472307914,0.38025913524530497
0.918918918918919,0.9054054054054053,0.659475261796462,0.8777114572718009
0.04504504504504504,0.7837837837837839,0.7378945283778949,0.8460474596011064
0.9144144144144144,0.527027027027027,0.575236714519043,0.30557577522201196
0.4144144144144144,0.6756756756756757,0.5076389248714396,0.5001455815984859
0.9504504504504504,0.5675675675675674,0.47705919171361877,0.26430339205124476
0.4954954954954955,0.6756756756756757,0.6304293871422341,0.5971757169893726
0.972972972972973,0.7297297297297297,0.5880047274705525,0.6966807395545203
0.02252252252252252,0.24324324324324326,0.6034967983821123,0.3033192604454797
0.8468468468468469,0.7027027027027025,0.6135409616994191,0.7194642597175717
0.7117117117117117,0.7702702702702702,0.6540125321595093,0.6277478526714223
0.02252252252252252,0.8108108108108107,0.7703459702774508,0.7600815256951522
0.14864864864864866,0.635135135135135,0.6328879270384186,0.46003785121560636
0.8468468468468469,0.4324324324324324,0.6103599697355416,0.13371669820934634
0.009009009009009009,0.8783783783783783,0.8704803135068813,0.9819478817877421
0.15765765765765766,0.44594594594594594,0.6215662918987677,0.13903042655408357
0.02252252252252252,0.7162162162162162,0.6382320321288459,0.5351579560343572
0.9594594594594594,0.45945945945945943,0.6066870918396962,0.1224341243266851
0.46396396396396394,0.5810810810810811,0.732532886771144,0.3536904935216189
0.03153153153153153,0.5135135135135135,0.5839142471777571,0.2734022419566167
0.44594594594594594,0.5135135135135135,0.6197264168672063,0.14354345610714805
0.4009009009009009,0.8513513513513514,0.6108478155676267,0.8480856019799097
0.42342342342342343,0.8108108108108107,0.5709293036623639,0.7285631096229436
0.8783783783783784,0.7297297297297297,0.6322077669655906,0.6305866938418984
0.8063063063063063,0.8108108108108107,0.6784476236303337,0.6997379531227252
0.1036036036036036,0.6216216216216215,0.5692233806179258,0.44344154898820787
0.8468468468468469,0.4324324324324324,0.6792815441484209,0.13480856019799098
0.8288288288288288,0.6081081081081081,0.6088123036348857,0.4202212840296986
0.6126126126126126,0.5405405405405405,0.5084962322997622,0.16334255350123747
0.5225225225225225,0.5810810810810811,0.6619399346861242,0.33607512010481877
0.5945945945945946,0.7162162162162162,0.5754695368767013,0.532974232057068
0.7162162162162162,0.6891891891891891,0.6498541983839954,0.49970883680302813
0.44594594594594594,0.5405405405405405,0.6331670232724456,0.2407919638957636
0.4954954954954955,0.6081081081081081,0.5371127596952694,0.3488863007715825
0.27927927927927926,0.7162162162162162,0.5432710059165039,0.6212694715387975
0.1036036036036036,0.8108108108108107,0.6539722579144314,0.751419420585238
0.8918918918918919,0.7567567567567567,0.7174188489706713,0.6451448536904935
0.7072072072072072,0.7837837837837839,0.7371115142199466,0.6711311690202358
0.25675675675675674,0.7972972972972973,0.6565898236446688,0.6636337166982094
0.12612612612612611,0.8513513513513514,0.5621542525066054,0.7869413306158102
0.7117117117117117,0.635135135135135,0.5085393342584356,0.49752511282573886
0.9459459459459459,0.7027027027027025,0.6124533052658191,0.5531372834473722
0.6891891891891891,0.7702702702702702,0.6352217661898921,0.8042655408356383
0.44594594594594594,0.6891891891891891,0.6559912311708168,0.5609258989663706
0.44594594594594594,0.7297297297297297,0.5894684536743927,0.5026204687727471
0.24774774774774774,0.6891891891891891,0.5923494571689435,0.4535594700829815
0.3153153153153153,0.27027027027027023,0.6044055285636867,0.19806376474013687
0.7117117117117117,0.6081081081081081,0.5227023445573964,0.4398747998253021
0.22972972972972974,0.7972972972972973,0.6766236077532024,0.7415198718881933
0.7702702702702703,0.8378378378378377,0.7403611460813433,0.8303246469646237
0.38288288288288286,0.44594594594594594,0.6240633365455874,0.1620323191148639
0.02252252252252252,0.635135135135135,0.5781885954444955,0.4262629203668656
0.7117117117117117,0.5810810810810811,0.6424151834621475,0.31940602707817733
0.6621621621621622,0.6891891891891891,0.5444357221382881,0.6178483039743776
0.9459459459459459,0.3783783783783784,0.6918585897626736,0.2009026059106129
0.3108108108108108,0.7027027027027025,0.6722683820607239,0.45385063327995345
0.7612612612612613,0.6756756756756757,0.5287521657923672,0.5623089241519872
0.07657657657657657,0.8108108108108107,0.6215004175883021,0.754331052554957
0.44594594594594594,0.4324324324324324,0.4722771784770455,0.27114572718008445
0.04954954954954955,0.5675675675675674,0.5638811872637327,0.20206725869850053
0.11711711711711711,0.5405405405405405,0.7728311749585299,0.2737661959528316
0.9414414414414415,0.7432432432432432,0.6665512341903633,0.5767215024020964
0.6216216216216216,0.472972972972973,0.5858163226022621,0.4196389576357549
0.1036036036036036,0.44594594594594594,0.7337689653946599,0.15329742320570683
0.9774774774774775,0.44594594594594594,0.4890029101398864,0.1188673751637793
0.7117117117117117,0.6216216216216215,0.5946092441367326,0.5345756296404135
0.7117117117117117,0.7297297297297297,0.5780269023759942,0.6980637647401369
0.06306306306306306,0.7567567567567567,0.5824552082761955,0.6350269325957199
0.8153153153153153,0.7162162162162162,0.6039403636345445,0.6053282865045858
0.5945945945945946,0.5675675675675674,0.5995213182143367,0.35063327995341387
0.509009009009009,0.7027027027027025,0.7304802397977854,0.45042946571553355
0.8108108108108109,0.7702702702702702,0.6023529148725765,0.8346920949192023
0.07207207207207207,0.5945945945945946,0.652193165459291,0.3814237880331926
0.7117117117117117,0.7432432432432432,0.5959516997626628,0.6836511864900277
0.7162162162162162,0.6756756756756757,0.6071711275203983,0.5110642014849323
0.8648648648648649,0.6081081081081081,0.6124702361744012,0.5107002474887173
0.4369369369369369,0.7837837837837839,0.5807749756309747,0.7870141214150532
0.5585585585585585,0.27027027027027023,0.5850006354974301,0.09142524384917747
0.8738738738738738,0.527027027027027,0.5835601242721071,0.16334255350123747
0.7432432432432432,0.7162162162162162,0.5582969764286598,0.565948464114136
0.23423423423423423,0.527027027027027,0.6905760099799385,0.2474159266268744
0.8468468468468469,0.5810810810810811,0.6574955527392569,0.39809288105983404
0.07657657657657657,0.635135135135135,0.5865771468978812,0.44016596302227395
0.8918918918918919,0.527027027027027,0.6443493370114641,0.3306158101615956
0.44594594594594594,0.45945945945945943,0.6132564576446997,0.3190420730819625
0.3153153153153153,0.6486486486486487,0.6975665407903839,0.4380550298442277
0.6216216216216216,0.7702702702702702,0.637803755795115,0.5666763721065657
0.6531531531531531,0.6891891891891891,0.6010137785026045,0.5762119668073955
1.0,0.6486486486486487,0.616590796415402,0.4745232202649585
0.44594594594594594,0.22972972972972974,0.647020079603101,0.001383025185616537
0.5225225225225225,0.5810810810810811,0.6231346217649258,0.2593536177027224
0.0045045045045045045,0.9459459459459459,0.6724557342034789,0.93689037705634
0.7117117117117117,0.6621621621621622,0.6473629973624453,0.4986169748143835
0.5990990990990991,0.4324324324324324,0.6065625789715766,0.34364536322608824
0.8828828828828829,0.7567567567567567,0.6244413787930554,0.7396273111078759
0.7882882882882883,0.7972972972972973,0.6613827436522789,0.7369340515358858
0.42342342342342343,0.5945945945945946,0.6950128949143557,0.3907410103362935
0.11711711711711711,0.6621621621621622,0.595072595619857,0.42378803319260444
0.5225225225225225,0.6621621621621622,0.6307616527366234,0.5886591934779444
0.4954954954954955,0.7027027027027025,0.6328542197162336,0.3874654243703596
0.03153153153153153,0.5945945945945946,0.6276297334458826,0.3884844955597612
1.0,0.44594594594594594,0.6621621130521836,0.22244868248653374
0.7117117117117117,0.3243243243243243,0.5758940833705231,0.025331198136555537
0.5225225225225225,0.6216216216216215,0.6362320434937438,0.6188673751637793
0.42342342342342343,0.7702702702702702,0.6314939716388177,0.6439802009026059
0.7117117117117117,0.635135135135135,0.4826238717736444,0.34932304556704036
0.18468468468468469,0.40540540540540543,0.6951320152197692,0.2613917600815257
0.25225225225225223,0.3648648648648648,0.5646922664208412,0.09208036104236424
0.4144144144144144,0.5675675675675674,0.7498658925324536,0.36104236424515945
0.5855855855855856,0.7297297297297297,0.5724494833029968,0.7407191730965206
0.44594594594594594,0.27027027027027023,0.5395983550487394,0.11617411559178922
0.4144144144144144,0.6756756756756757,0.5733565719159952,0.5492065802882515
0.8468468468468469,0.7567567567567567,0.7636964235453415,0.7107293638084147
0.7387387387387387,0.6891891891891891,0.6813834857452268,0.4344882806813219
0.04504504504504504,0.5675675675675674,0.6353077713872308,0.3253748726161013
0.02252252252252252,0.6891891891891891,0.5704059127773333,0.6221429611297131
0.6036036036036037,0.554054054054054,0.6290743729632116,0.25767942932013393
0.7117117117117117,0.5135135135135135,0.6055510281986327,0.36249818023001895
0.9369369369369369,0.3648648648648648,0.6453075003125559,0.19056631241811037
0.43243243243243246,0.6891891891891891,0.6553611298894363,0.6183578395690785
0.6441441441441441,0.14864864864864866,0.5770346733697417,0.19122142961129712
0.1036036036036036,0.7297297297297297,0.6244436176652483,0.646600669675353
0.6171171171171171,0.49999999999999994,0.5327245680503445,0.2353326539525404
0.6216216216216216,0.3918918918918919,0.6088999598031568,0.17753675935361773
0.6531531531531531,0.8378378378378377,0.5847527637501605,0.8504149075556849
0.5045045045045045,0.7432432432432432,0.5755097525137953,0.7675061872179356
0.7117117117117117,0.7702702702702702,0.5728234096125457,0.6224341243266851
0.4099099099099099,0.6756756756756757,0.5982404381638867,0.5577231037996797
0.8468468468468469,0.6756756756756757,0.6406339720280148,0.4305575775222012
0.8738738738738738,0.7297297297297297,0.6322556697377925,0.6070752656864172
0.6666666666666666,0.6891891891891891,0.5854685043273029,0.5795603435725724
0.6216216216216216,0.44594594594594594,0.723642086635563,0.15329742320570683
0.7207207207207207,0.6891891891891891,0.5971760617788767,0.532901441257825
0.45495495495495497,0.6081081081081081,0.5534323908632494,0.4555976124617848
0.7162162162162162,0.472972972972973,0.5656021265671678,0.2446498762556413
0.8468468468468469,0.7837837837837839,0.5862496685023915,0.8526714223322172
0.8513513513513513,0.8108108108108107,0.8062890865399853,0.787232493812782
0.11711711711711711,0.8918918918918918,0.6403001969307908,0.6653079050807978
0.6711711711711712,0.6486486486486487,0.6553856236754071,0.42000291163196973
0.43243243243243246,0.8513513513513514,0.6325642630982894,0.7987334400931723
0.6261261261261262,0.2972972972972973,0.6039017115047354,0.07009753967098559
0.7117117117117117,0.7162162162162162,0.6875294106474351,0.6264376182850487
0.8783783783783784,0.5810810810810811,0.6333211734093543,0.3613335274421314
0.009009009009009009,0.7837837837837839,0.6331582867403975,0.8434997816276023
0.8468468468468469,0.527027027027027,0.6972524553554801,0.15155044402387538
0.7117117117117117,0.7567567567567567,0.6048274185712896,0.7677973504149076
0.6621621621621622,0.7567567567567567,0.5959832374458185,0.7027951666909303
0.04954954954954955,0.6486486486486487,0.69546565328292,0.3111806667637211
0.5225225225225225,0.6486486486486487,0.52773431701042,0.5190711894016595
0.6936936936936937,0.8648648648648649,0.5902864787787667,0.5939001310234386
0.04054054054054054,0.472972972972973,0.6005127713928508,0.1572281263648275
0.036036036036036036,0.5810810810810811,0.6026271740789665,0.3962731110787596
0.07207207207207207,0.6081081081081081,0.5933785974257846,0.431139903916145
0.8018018018018018,0.8243243243243242,0.6119253466147567,0.6985005095355946
0.545045045045045,0.527027027027027,0.6522655391884588,0.25527733294511573
0.06306306306306306,0.7972972972972973,0.6595892619998949,0.7340224195661668
0.22072072072072071,0.527027027027027,0.5739926517207904,0.22448682486533705
0.4954954954954955,0.6486486486486487,0.6212922844393305,0.4134517397001019
0.7117117117117117,0.8243243243243242,0.6198825708830006,0.8662833017906536
0.972972972972973,0.635135135135135,0.6887370351863161,0.5006551171931868
0.43243243243243246,0.7297297297297297,0.6612735687770254,0.6426699665162323
0.5225225225225225,0.7702702702702702,0.5832463651228388,0.6844518852817004
0.44594594594594594,0.6081081081081081,0.5765967483500671,0.31816858349104676
0.7252252252252253,0.6081081081081081,0.592864008587434,0.45042946571553355
0.7117117117117117,0.6756756756756757,0.6678121436704659,0.5026204687727471
0.5225225225225225,0.7837837837837839,0.6746155070789944,0.7233221720774494
0.8603603603603603,0.7432432432432432,0.5487138388580225,0.48209346338622794
0.7117117117117117,0.6621621621621622,0.8022326352274844,0.4815111369922842
0.9684684684684685,0.527027027027027,0.6017494974608005,0.26277478526714226
0.16216216216216217,0.5675675675675674,0.6050878796461872,0.4079196389576358
0.6441441441441441,0.6486486486486487,0.5264569571470175,0.46709855874217493
0.6621621621621622,0.7702702702702702,0.6247748522128694,0.6008152569515214
0.018018018018018018,0.6621621621621622,0.5566237101423627,0.4208764012228854
1.0,0.8108108108108107,0.6927747913099725,0.7961129713204251
0.6216216216216216,0.554054054054054,0.5261070051060418,0.35558305430193626
0.8468468468468469,0.7702702702702702,0.7009426896963848,0.6791381569369632
0.25675675675675674,0.49999999999999994,0.5824750839443615,0.21735332653952544
0.07207207207207207,0.49999999999999994,0.629266212661807,0.17702722375891686
0.13513513513513514,0.4324324324324324,0.5520055284044638,0.21953705051681469
0.44594594594594594,0.7432432432432432,0.5861031225396153,0.6279662250691512
0.545045045045045,0.5675675675675674,0.5890729802820865,0.4146163924879895
0.5135135135135135,0.5405405405405405,0.6854323766964865,0.24930848740719175
0.07207207207207207,0.6486486486486487,0.5915627994565383,0.45399621487843933
0.45045045045045046,0.7837837837837839,0.6408748806299398,0.4983986024166545
0.6216216216216216,0.6891891891891891,0.6046548269442803,0.4515213277041782
0.7117117117117117,0.7162162162162162,0.628731267766642,0.4646964623671568
0.7117117117117117,0.6486486486486487,0.5462228548781778,0.5377784248071044
0.3063063063063063,0.635135135135135,0.6004450801660401,0.4506478381132624
0.6441441441441441,0.6486486486486487,0.5178938781358525,0.46382297277624107
0.31981981981981983,0.527027027027027,0.5842894080370686,0.18401514048624254
0.7837837837837838,0.7432432432432432,0.661111704384178,0.634444606201776
0.4774774774774775,0.7297297297297297,0.6562753228064704,0.48595137574610564
0.4954954954954955,0.7567567567567567,0.6616535086696047,0.7373707963313437
0.02252252252252252,0.6216216216216215,0.5989476213137984,0.3751637792982967
0.9819819819819819,0.5945945945945946,0.6561794531043335,0.3018634444606202
0.44594594594594594,0.44594594594594594,0.5804897924022638,0.10671131169020238
0.06306306306306306,0.7432432432432432,0.6364743794251345,0.634662978599505
0.45045045045045046,0.7837837837837839,0.5686612879091186,0.6579560343572572
0.26126126126126126,0.48648648648648646,0.7897427536829724,0.17477070898238464
0.013513513513513514,0.49999999999999994,0.5928056038530372,0.17142233221720776
0.7612612612612613,0.5945945945945946,0.5818028244103415,0.44373271218517973
0.42342342342342343,0.7027027027027025,0.8121188054428735,0.5852380259135246
0.5225225225225225,0.7162162162162162,0.6083067487217877,0.5429465715533557
0.04054054054054054,0.7432432432432432,0.6216337528370159,0.7181540253311981
0.2747747747747748,0.6216216216216215,0.6117950608289586,0.5853836075120105
0.9459459459459459,0.44594594594594594,0.568132876460397,0.3536177027223759
0.9684684684684685,0.5675675675675674,0.6115511042342379,0.35754840588149656
0.4954954954954955,0.6486486486486487,0.7426669846392004,0.512083272674334
0.5225225225225225,0.6891891891891891,0.7049344529034725,0.5288251565002184
0.7117117117117117,0.7027027027027025,0.6041962189816826,0.45050225651477654
0.9459459459459459,0.2972972972972973,0.6329127723671236,0.212621924588732
0.8468468468468469,0.7027027027027025,0.6410175824706561,0.5647838113262483
0.19369369369369369,0.6621621621621622,0.6745265157369518,0.5324646964623672
0.45495495495495497,0.6891891891891891,0.5686320688334602,0.47379531227252875
0.5225225225225225,0.6621621621621622,0.595935651027541,0.5205997961857621
0.3153153153153153,0.554054054054054,0.6017812852216735,0.22237589168729074
0.7117117117117117,0.7567567567567567,0.5749118798598593,0.7014121415053137
0.44594594594594594,0.4324324324324324,0.5607552555039047,0.1452176444897365
0.5225225225225225,0.635135135135135,0.706857173639079,0.41126801572281263
0.4099099099099099,0.8783783783783783,0.9029616980522649,0.8466297859950502
0.7567567567567568,0.48648648648648646,0.5979079566670715,0.1401950793419712
0.013513513513513514,0.5945945945945946,0.5613620434431531,0.3798223904498471
0.918918918918919,0.5945945945945946,0.5969738907162363,0.347212112388994
0.04504504504504504,0.6081081081081081,0.6289554301842433,0.5096811762993158
0.28378378378378377,0.6891891891891891,0.6709994803453286,0.42851943514339785
0.1036036036036036,0.635135135135135,0.5753799911794902,0.4256805939729218
0.5180180180180181,0.8378378378378377,0.5364977200847195,0.7248507788615519
0.6846846846846847,0.7162162162162162,0.5499257880658108,0.583636628330179
0.25675675675675674,0.527027027027027,0.6023117680421557,0.21305866938418982
0.8468468468468469,0.6756756756756757,0.677044503631667,0.47561508225360316
0.8468468468468469,0.7297297297297297,0.6534942411509229,0.5783228999854418
0.6216216216216216,0.7432432432432432,0.6700222085554789,0.5901150094628038
0.44594594594594594,0.6486486486486487,0.6236647313506251,0.5318823700684233
0.44594594594594594,0.6216216216216215,0.7048734514359528,0.4842771873635172
0.13963963963963963,0.5810810810810811,0.5603214031873516,0.2715824719755423
0.1036036036036036,0.24324324324324326,0.5763421880327111,0.1404134517397001
0.8468468468468469,0.7702702702702702,0.7934434893679477,0.5211093317804629
0.07207207207207207,0.40540540540540543,0.7229283762735589,0.17098558742174993
0.3963963963963964,0.6756756756756757,0.6199932245842112,0.49235696607948753
1.0,0.7027027027027025,0.623573729282398,0.5411268015722812
0.7117117117117117,0.6891891891891891,0.5337496125166382,0.6752074537778424
0.5135135135135135,0.8243243243243242,0.6724830197139251,0.6422332217207745
0.44594594594594594,0.6216216216216215,0.6047592553114874,0.41832872324938125
0.481981981981982,0.7162162162162162,0.6101306409472926,0.6739700101907119
0.9054054054054054,0.5945945945945946,0.629270799621763,0.3962731110787596
0.8468468468468469,0.8918918918918918,0.5795340161291028,0.7672878148202067
0.43243243243243246,0.8108108108108107,0.5488320602711734,0.7456689474450429
0.7117117117117117,0.7567567567567567,0.6449214741487229,0.8245741738244285
0.5225225225225225,0.7027027027027025,0.515194079325813,0.4054447517833746
0.03153153153153153,0.5135135135135135,0.5589357678800214,0.2849759790362498
0.1036036036036036,0.554054054054054,0.49634130309196123,0.3102343863735624
0.5225225225225225,0.6621621621621622,0.6497083935099494,0.3786577376619595
0.6441441441441441,0.7297297297297297,0.6420384077285927,0.7118940165963022
0.9324324324324325,0.6891891891891891,0.5595729611658347,0.5883680302809725
0.16666666666666666,0.3783783783783784,0.6829214921740503,0.23424079196389577
0.5225225225225225,0.7837837837837839,0.7020361467823055,0.6420876401222885
0.6351351351351351,0.554054054054054,0.5625745973487428,0.18277769689911197
0.02252252252252252,0.6081081081081081,0.6371102311908012,0.434051535885864
0.44594594594594594,0.4324324324324324,0.6405563152047532,0.212621924588732
0.07657657657657657,0.472972972972973,0.5003923993653147,0.16225069151259283
0.6891891891891891,0.8108108108108107,0.7001061745743359,0.8685398165671859
0.44594594594594594,0.35135135135135137,0.6371863476231214,0.07999708836803028
0.4369369369369369,0.635135135135135,0.6175661420941965,0.40966661813946714
0.22072072072072071,0.7837837837837839,0.6658933274130687,0.6144999272092008
0.7522522522522522,0.6891891891891891,0.7161751254549303,0.44082108021546074
0.6216216216216216,0.5135135135135135,0.6343550650207811,0.24290289707380988
0.47297297297297297,0.6891891891891891,0.6134296663845757,0.5331926044547969
0.7567567567567568,0.6756756756756757,0.6753235340926064,0.48536904935216185
0.7117117117117117,0.7567567567567567,0.49592797899587665,0.7909448245741738
0.6216216216216216,0.6486486486486487,0.6798185462213449,0.457999708836803
0.24324324324324326,0.8648648648648649,0.5905839925978514,0.8318532537487262
0.6486486486486487,0.5810810810810811,0.595912757265045,0.34131605765031303
0.7927927927927928,0.5810810810810811,0.7085937491919341,0.3456835056048916
0.7477477477477478,0.5945945945945946,0.48309963102588616,0.2473431358276314
0.27927927927927926,0.7162162162162162,0.6286156426247589,0.3572572426845247
0.25675675675675674,0.5405405405405405,0.5534666910628929,0.2033047022856311
0.527027027027027,0.5135135135135135,0.5825700197286213,0.3884844955597612
0.02702702702702703,0.554054054054054,0.792826759920822,0.19085747561508226
0.9234234234234234,0.7702702702702702,0.5878780598458502,0.6126073664288834
0.03153153153153153,0.7297297297297297,0.6451142053774682,0.6743339641869268
0.9459459459459459,0.554054054054054,0.5686810931455469,0.3639539962148785
0.6441441441441441,0.7162162162162162,0.6005993811334871,0.5732275440384336
0.5630630630630631,0.6216216216216215,0.6025747010542408,0.4523220264958509
0.42342342342342343,0.7297297297297297,0.5734420818013009,0.6383025185616538
0.11711711711711711,0.49999999999999994,0.601213501726897,0.14143252292910177
0.5765765765765766,0.7027027027027025,0.5866822849721077,0.5823263939438055
0.34234234234234234,0.6756756756756757,0.6436505373818557,0.40282428301062745
0.12612612612612611,0.6891891891891891,0.6628452182048203,0.5960110642014849
0.6216216216216216,0.6621621621621622,0.5138272835157823,0.6032901441257825
