movie_id,name,year,rating,rating_count,story_line,genres,country,language,budget,gross,director,stars
2077677,3Simoa,2012.0,6.4,370,1581.0,99,99,144,334784.0,93296,795,6.1658689096330335
106332,Ba wang bie ji,1993.0,8.1,24830,1826.2,182,63,187,4000000.0,5985074,445,6.187814827432402
116421,The Glimmer Man,1996.0,5.4,18687,900.0,16,224,46,45000000.0,20351264,386,6.149546557223647
3170832,Room,2015.0,8.1,365849,2081.4,195,53,64,13000000.0,35401758,485,6.154384475713068
204175,Boys and Girls,2000.0,5.4,15942,607.4,116,224,64,35000000.0,25850615,696,6.1617875450800135
381505,Pretty Persuasion,2005.0,6.5,9872,1652.8,110,224,64,2500000.0,537126,522,6.16500871819458
436742,The Salon,2005.0,4.1,492,406.8,110,224,64,1500000.0,139084,527,6.161564148372118
9214832,Emma.,2020.0,6.7,25674,1863.4,116,221,64,10000000.0,25919223,74,6.166086414080264
8820590,T-34,2018.0,6.6,8784,2021.6,47,202,164,10000000.0,35950901,24,6.150650864105243
114906,Welcome to the Dollhouse,1995.0,7.4,31626,1426.8,110,224,64,800000.0,4569019,810,6.163330843632945
479751,Sivaji,2007.0,7.5,17648,2642.4,35,155,205,8140199.0,5871620,724,6.173713457433687
762073,Bakjwi,2009.0,7.1,42316,1846.0,166,210,80,5000000.0,13085023,119,6.18817158019492
473514,Mulberry St,2006.0,5.5,5692,952.6,215,224,64,60000.0,97182,366,6.172198661270387
5664636,Goosebumps 2: Haunted Halloween,2018.0,5.6,17686,919.8,57,222,64,35000000.0,93320380,65,6.160828384011967
115956,Courage Under Fire,1996.0,6.6,49961,1327.0,31,224,12,46000000.0,100860818,221,6.171371266038778
10251538,10 jours sans maman,2020.0,5.2,358,618.0,121,104,147,1577489.0,9348773,499,6.1557171437337255
1721677,Fastest,2011.0,7.8,2200,2149.8,27,224,110,1000000.0,35963,530,6.165843627369116
1518812,Meek's Cutoff,2010.0,6.6,12369,1877.6,69,224,64,2000000.0,1205257,456,6.163530547143033
1188996,My Name Is Khan,2010.0,8.0,97790,2728.6,158,148,100,12000000.0,42345360,451,6.177395096946292
838247,After.Life,2009.0,5.9,36310,1124.6,187,224,64,4500000.0,2425535,8,6.176552090606364
238948,Double Take,2001.0,5.5,8017,774.6,16,224,132,24000000.0,31603059,273,6.137313068223203
5591666,The Domestics,2018.0,5.7,8651,1134.4,39,224,64,10600000.0,59766,579,6.172001694270518
112966,The Englishman Who Went Up a Hill But Came Down a Mountain,1995.0,6.6,16385,1903.2,116,221,139,40997769.0,10904930,140,6.1672925291329195
239948,Saving Silverman,2001.0,5.9,38538,1164.4,105,15,137,22000000.0,26086706,187,6.177120135125449
428532,La fiesta del Chivo,2005.0,6.3,795,1438.6,158,93,64,9739184.0,200369,502,6.16097718227486
88213,Swing Shift,1984.0,5.9,4293,1116.4,192,224,64,15000000.0,6650206,410,6.173211579199718
2246837,Maattrraan,2012.0,6.0,5014,1161.8,44,155,205,6783500.0,1327035,443,6.167932216858102
420332,Veer-Zaara,2004.0,7.8,48628,2075.0,162,155,165,7000000.0,6887221,865,6.18734622557391
5580536,Arsenal,2017.0,4.0,4011,384.8,26,58,64,10000000.0,41037,770,6.168454744446173
5981944,Il ragazzo invisibile: Seconda generazione,2018.0,5.1,592,557.6,3,165,21,12173980.0,1576821,265,6.152664608099234
1596777,Nems Bond,2008.0,3.9,347,196.2,138,94,6,31882.0,240391,9,6.154704364519866
818897,All My Friends Are Leaving Brisbane,2007.0,5.6,321,989.0,138,9,64,377238.0,30772,496,6.173908186707457
954981,Cass,2008.0,6.5,5752,1655.2,88,221,64,1343595.0,241369,406,6.163402933279917
961750,Berlin am Meer,2008.0,6.1,284,1169.6,188,132,88,3408714.0,206965,853,6.1498413528449705
1111422,The Taking of Pelham 123,2009.0,6.4,184971,1702.8,26,222,138,100000000.0,150166126,821,6.165068269726575
6601502,Ray & Liz,2018.0,6.7,1254,1734.0,158,221,64,940516.0,58509,681,6.1694948568438726
791309,I Want Candy,2007.0,5.4,7227,1238.2,99,221,64,1343595.0,2415513,766,6.1649717827727155
95765,Nuovo Cinema Paradiso,1988.0,8.5,227868,2405.2,158,117,174,5000000.0,13019063,281,6.1594016627111685
1728986,Bol Bachchan,2012.0,5.5,8076,629.6,15,155,165,9496900.0,28775262,710,6.16494919034156
196106,MVP: Most Valuable Primate,2000.0,4.1,2264,813.8,123,58,64,4500000.0,1248746,700,6.158343874257719
84931,"Yes, Giorgio",1982.0,3.9,639,361.0,135,224,110,19000000.0,2279543,257,6.154290620660362
3438354,Smetto quando voglio,2014.0,7.0,7564,1338.4,100,165,175,2191316.0,5539410,781,6.152166072025724
303021,El segundo nombre,2002.0,5.5,1133,964.2,216,211,64,3043495.0,1044665,620,6.167570980830992
7478494,Pryputni,2017.0,6.5,192,1999.0,110,226,209,305179.0,29037,66,6.19211060413728
2728286,This Is Sanlitun,2013.0,6.6,50,1463.6,99,13,43,165000.0,279,723,6.161464946198106
4457820,Barmen,2015.0,5.4,462,810.2,99,202,198,2600000.0,1457685,199,6.150469350352463
6286796,En frygtelig kvinde,2017.0,6.6,1700,1875.8,158,81,54,638078.0,1008,134,6.165691128390049
1077368,Dark Shadows,2012.0,6.2,246035,1377.8,125,14,64,150000000.0,245527149,801,6.154567408024761
6616336,Hálito Azul,2018.0,5.9,42,1110.2,153,101,194,0.0,832,703,6.151592434540114
106557,Children of the Corn II: The Final Sacrifice,1992.0,4.3,7642,256.2,216,224,64,900000.0,6980986,180,6.160087597184993
1232783,Sorority Row,2009.0,5.1,28568,676.4,211,224,64,12500000.0,27206120,773,6.167497325091497
3463848,P.O.V,2014.0,4.1,65,548.6,210,221,64,12092.0,47199,679,6.162256006620344
3166476,Zong pu shi,2013.0,6.5,591,1593.0,99,217,42,2485000.0,79643,867,6.18569791948397
8821182,Aurora,2018.0,4.3,499,593.2,216,195,143,3000000.0,11232,864,6.153595900421332
1308109,Duress,2009.0,5.6,974,1145.4,152,224,64,2000000.0,266704,418,6.157050078213409
1381112,Soeur Sourire,2009.0,6.5,715,1664.8,95,23,147,7304388.0,1737658,775,6.167792745184292
1798603,Bad Santa 2,2016.0,5.6,22609,905.0,101,224,64,26000000.0,24079268,533,6.156524679307854
7690670,Superfly,2018.0,5.1,6154,948.8,26,224,38,16000000.0,20780685,201,6.158451936695393
70666,Serpico,1973.0,7.7,108767,2121.4,88,167,114,3000000.0,29829963,751,6.172560285107731
106761,Double Dragon,1994.0,3.8,11187,251.6,3,87,64,7850000.0,2341309,334,6.157774538370906
342272,Dear Wendy,2005.0,6.6,9828,1125.2,101,85,64,8180499.0,607229,799,6.163747080046651
120836,Lost & Found,1999.0,5.0,6183,733.2,138,224,64,30000000.0,6552255,352,6.1559540609673915
3606756,Incredibles 2,2018.0,7.6,245340,2152.6,2,224,64,200000000.0,1242805359,100,6.170835148495696
221013,Séraphin: un homme et son péché,2002.0,6.5,981,1820.8,158,41,69,4764618.0,6749187,121,6.162215812198925
82525,Honky Tonk Freeway,1981.0,5.2,911,793.8,15,222,64,24000000.0,2004742,397,6.172410357095275
5686120,Elli Ekhtasho Mato,2016.0,3.3,70,532.0,158,94,6,510112.0,54481,316,6.144548303510202
71458,Fontane Effi Briest,1974.0,6.9,2209,1971.0,169,228,159,466824.0,8144,666,6.175333195584229
280870,Liberty Stands Still,2002.0,5.7,7275,751.2,35,48,64,11000000.0,595214,453,6.16448844624911
388183,King's Ransom,2005.0,4.4,3579,499.0,100,58,64,15000000.0,4143652,356,6.159616134693503
258038,Pootie Tang,2001.0,5.3,13365,595.8,3,224,64,7000000.0,3313583,493,6.15963019946175
805576,Mýrin,2006.0,6.9,5129,1627.0,145,89,172,1414440.0,748405,79,6.155163148130231
66011,Love Story,1970.0,6.9,30538,1937.8,188,224,64,2200000.0,106550690,69,6.150380584317602
104299,Freejack,1992.0,5.4,14870,846.6,25,224,64,30000000.0,17129026,270,6.165249028382212
126916,For Love of the Game,1999.0,6.6,31658,1649.0,190,224,64,80000000.0,46112640,731,6.158926178584214
354578,Fighting Words,2007.0,4.6,196,793.0,188,224,64,2500000.0,35688,216,6.168413850956056
1034415,Suspiria,2018.0,6.8,60561,1578.6,204,167,73,20000000.0,7942093,498,6.178319467468309
368668,Les Dalton,2004.0,3.2,3249,243.2,141,113,147,27000000.0,15823762,653,6.155741386333368
212830,Bruiser,2000.0,5.3,5579,640.6,211,47,132,5000000.0,14960,271,6.172674381551785
80850,He Knows You're Alone,1980.0,5.1,3154,858.0,216,224,64,250000.0,4875436,67,6.154845548214538
9695404,De club van lelijke kinderen,2019.0,6.6,133,1446.8,6,186,61,3043495.0,897441,411,6.180280335869271
1600196,The Drop,2014.0,7.1,141503,2016.8,147,224,129,12600000.0,18658381,563,6.168395927029377
956038,Nights in Rodanthe,2008.0,6.0,23156,1254.2,188,15,132,30000000.0,84375346,272,6.168801111052214
1428050,Mitä meistä tuli,2009.0,5.9,286,1649.8,143,99,145,12173.0,16614,572,6.176566378296377
99615,The Freshman,1990.0,6.4,18617,1479.4,100,224,71,12000000.0,21460601,46,6.1595332620858105
1110266,Meine liebe Republik,2007.0,6.3,15,1279.6,153,16,159,608699.0,23514,224,6.184067553663181
1754633,The Ghastly Love of Johnny X,2012.0,5.6,409,1207.0,126,224,64,2000000.0,2436,627,6.159527580655973
5711148,Film Stars Don't Die in Liverpool,2017.0,6.7,8589,1670.6,96,221,64,10000000.0,4047917,633,6.163669865378166
452694,The Time Traveler's Wife,2009.0,7.1,139797,2142.6,168,224,64,39000000.0,101344412,698,6.159250267740538
4493588,Immenhof - Das Abenteuer eines Sommers,2019.0,5.5,114,1006.8,63,132,159,5478291.0,2871120,745,6.17284660394979
1861358,Joschka und Herr Fischer,2011.0,6.7,185,1878.4,90,141,159,1217398.0,741708,639,6.180725851511359
1285252,Allah Made Me Funny: Live in Concert,2008.0,5.8,58,865.4,109,224,64,10000.0,66903,44,6.172379724440348
134630,Duets,2000.0,6.1,9087,1309.4,114,224,64,21000000.0,6620242,108,6.176170651293328
3006814,Não Pare na Pista: A Melhor História de Paulo Coelho,2014.0,5.6,568,985.4,95,36,195,2431700.0,618369,164,6.141182654424947
1114277,Up the Yangtze,2007.0,7.5,1783,2069.2,153,41,123,781085.0,1029211,868,6.173087717145995
5187816,Super Express,2016.0,5.4,120,558.4,16,60,42,12233520.0,8980243,862,6.177960654272444
1052348,Luisa,2009.0,6.5,37,1692.0,158,7,203,25.0,14253,283,6.162283500925196
6217804,Tyler Perry's Boo 2! A Madea Halloween,2017.0,3.8,4154,653.6,113,224,64,25000000.0,48333932,824,6.159846420152275
107798,The Pelican Brief,1993.0,6.6,76455,1438.6,145,224,64,45000000.0,195268056,19,6.165520820981764
1823672,Chappie,2015.0,6.8,228376,2188.4,23,208,64,49000000.0,102811889,597,6.172143053686196
2224902,Saguni,2012.0,4.6,888,448.4,17,155,205,3391750.0,122345,590,6.171136963316131
1135095,Tell-Tale,2009.0,5.4,4818,524.2,178,222,64,12000000.0,367586,553,6.166079395320964
3863870,Ich bin dann mal weg,2015.0,6.1,1900,1192.4,99,132,159,7304388.0,17153058,430,6.16493667437226
110428,The Madness of King George,1994.0,7.2,15337,2104.6,87,221,64,65897768.0,15238689,600,6.175780706480148
96244,Tequila Sunrise,1988.0,6.1,28561,1494.2,146,224,132,23000000.0,41292551,699,6.148550517629353
106579,"Clean, Shaven",1993.0,7.1,5175,2146.8,147,224,64,68000.0,26351,490,6.1534926621518915
338095,Haute tension,2003.0,6.8,67297,1825.4,210,118,78,2678275.0,6291958,33,6.17639721480133
3125324,Beyond the Lights,2014.0,6.9,15288,1675.8,182,224,64,7000000.0,14618727,280,6.170280453568436
65808,Götter der Pest,1970.0,6.5,1202,1853.2,143,228,70,112037.0,8144,666,6.164339905202518
6793280,The Devil's Doorway,2018.0,5.3,2810,732.4,210,162,64,300000.0,516660,13,6.167892166348739
6916362,Journal 64,2018.0,7.4,12299,2094.2,151,88,10,6380789.0,470308,136,6.179264778515281
8726008,Alice T.,2018.0,6.3,316,1399.0,158,123,197,1582617.0,4312,664,6.154686558490286
889136,Kings,2007.0,6.9,633,1815.2,158,162,109,6086990.0,125154,811,6.149803890436559
101452,Bill & Ted's Bogus Journey,1991.0,6.3,68318,1441.8,58,222,113,20000000.0,38039850,643,6.150013413871179
6185674,Rarandoi Veduka Chudham,2017.0,5.6,607,700.8,42,155,206,2035049.0,75705,447,6.168609611895845
85333,Christine,1983.0,6.7,71876,1635.0,216,224,64,9700000.0,21017849,379,6.161522910337358
9695764,Dreissig,2019.0,6.2,204,1319.6,158,132,159,10956.0,30389,753,6.176141864589262
1525836,Gantz: Perfect Answer,2011.0,6.2,3920,1327.8,38,168,177,22000000.0,33672515,748,6.170642683974856
377091,Mean Creek,2004.0,7.2,30505,1984.6,143,224,64,500000.0,802948,326,6.168160009337896
356154,Ulvesommer,2003.0,5.9,992,1042.2,63,190,190,2990259.0,1691055,637,6.15501353488275
3861390,Dumbo,2019.0,6.3,64817,1362.6,70,12,69,170000000.0,353284621,801,6.16366260130698
54167,Peeping Tom,1960.0,7.7,31091,2269.8,179,221,64,181385.0,24640,560,6.169684311969303
437447,Qian li zou dan qi,2005.0,7.3,4852,2335.8,158,64,179,7500000.0,3752325,866,6.176077347872713
83929,Fast Times at Ridgemont High,1982.0,7.2,93657,1500.0,110,224,64,4500000.0,27092880,42,6.170216657576657
330193,Les dangereux,2002.0,3.7,327,325.2,100,41,147,5780029.0,341280,494,6.1585372619215
108148,Siu nin Wong Fei Hung chi: Tit ma lau,1993.0,7.5,15313,2286.4,23,147,29,11000000.0,14694904,855,6.1767672176998865
1489253,Fobos. Klub strakha,2010.0,3.6,519,638.2,216,97,198,2500000.0,630706,613,6.165320384303747
133152,Planet of the Apes,2001.0,5.7,209432,1306.8,10,224,64,100000000.0,362211740,801,6.170358944275572
109959,Gunmen,1993.0,5.3,3289,549.8,16,184,64,8030000.0,3411885,190,6.1614776971839085
101798,Edward II,1991.0,6.8,2416,2055.8,172,170,110,1007696.0,706131,191,6.160537606794557
122718,Small Soldiers,1998.0,6.2,91167,1546.0,3,224,64,40000000.0,54682547,373,6.164555163584698
1930425,Okkar eigin Osló,2011.0,6.2,113,1244.0,138,153,172,1800000.0,261779,676,6.182339123678526
119164,The Full Monty,1997.0,7.2,98131,1811.0,110,222,64,3500000.0,257938649,641,6.158134465763748
99994,Leatherface: Texas Chainsaw Massacre III,1990.0,5.1,14094,689.0,216,224,64,2000000.0,5765562,350,6.148996434911382
2525596,Ah Boys to Men,2012.0,6.1,478,1294.8,99,205,64,1126066.0,5751428,323,6.192240040520986
405296,A Scanner Darkly,2006.0,7.1,106043,1899.0,79,224,64,8700000.0,7659918,687,6.1601364552138556
456340,Caótica Ana,2007.0,6.4,4444,1370.2,185,211,15,10956582.0,2104037,434,6.153490963778496
384286,Cry Wolf,2005.0,5.8,25916,1175.8,176,224,64,1000000.0,32586408,354,6.162896450099011
67588,Play Misty for Me,1971.0,7.0,25424,2098.8,195,224,64,725000.0,10600000,149,6.161863612374142
113819,Mighty Aphrodite,1995.0,7.0,37811,1555.4,127,224,121,15000000.0,6468498,857,6.151773195794222
1132626,Saw V,2008.0,5.8,114441,1063.6,4,58,64,10800000.0,113864059,175,6.154380227664337
460975,Unidentified,2006.0,3.5,594,398.2,221,224,64,400000.0,224099,678,6.163322003608471
1194231,Il grande sogno,2009.0,5.7,815,1324.2,158,117,174,12173980.0,4731185,567,6.16091802267848
2392451,Vulcania,2015.0,4.8,207,270.4,222,126,203,852178.0,4901,425,6.1458453548664655
241025,Vanity Fair,2004.0,6.2,21022,1238.0,158,157,70,23000000.0,19463185,584,6.165753405442289
156812,My Dog Skip,2000.0,7.0,19235,1955.2,111,224,88,6000000.0,35547761,342,6.1674234853672845
380817,Winter Passing,2005.0,6.3,8116,1361.0,110,224,64,3500000.0,113783,3,6.176744089994031
851515,Feng kuang de sai che,2009.0,7.3,2034,2342.6,3,60,168,2293785.0,15845355,301,6.177418963462506
193854,A Shot at Glory,2000.0,6.3,2129,1290.6,194,222,64,9000000.0,133122,552,6.147767860490056
2124787,Final Girl,2015.0,4.7,14396,684.6,216,58,64,8000000.0,33411,825,6.154448608487505
104036,The Crying Game,1992.0,7.2,50767,2128.8,146,171,64,3090268.0,62548947,595,6.171667184460492
64276,Easy Rider,1969.0,7.3,99197,2096.0,62,224,98,360000.0,123276,188,6.183262917686687
472582,2:37,2006.0,6.8,6948,1694.4,158,9,64,754476.0,446125,586,6.177728306244734
301470,Jeepers Creepers 2,2003.0,5.6,58105,1099.8,210,224,64,17000000.0,63102666,834,6.166993636155576
1753383,A Dog's Purpose,2017.0,7.2,64691,2477.6,56,159,64,22000000.0,205035819,480,6.185322554483357
77766,Jaws 2,1978.0,5.8,70340,1024.6,75,224,64,20000000.0,187884007,348,6.163064199544259
88178,Stop Making Sense,1984.0,8.6,13019,2016.2,156,224,64,1200000.0,5102405,410,6.148610943667206
2034139,The Last Exorcism Part II,2013.0,4.0,15692,350.0,216,131,64,5000000.0,25051865,219,6.156442880627825
7390646,Black and Blue,2019.0,6.4,15641,1231.6,26,224,64,12000000.0,22741061,189,6.170354113437393
2102465,Varg Veum - I mørket er alle ulver grå,2011.0,6.5,1217,1379.2,26,190,190,2415209.0,1365236,30,6.151264617339334
1825683,Black Panther,2018.0,7.3,617333,2362.8,10,224,119,200000000.0,1347598739,721,6.164282931725103
300015,I Capture the Castle,2003.0,6.9,7014,1654.8,188,221,64,8000000.0,6586341,802,6.168005738071871
457433,Perfect Stranger,2007.0,5.7,44796,1151.4,151,224,64,60795000.0,73534117,328,6.156847430656999
1624426,I Will Follow,2010.0,6.0,755,1243.8,158,224,64,50000.0,135809,75,6.169141495608727
1472584,Max Steel,2016.0,4.6,18163,1035.6,7,222,64,10000000.0,6272403,773,6.161018737906729
980970,The Chronicles of Narnia: The Voyage of the Dawn Treader,2010.0,6.3,140420,1262.4,70,222,64,155000000.0,415686217,549,6.163672311451499
87428,The Hotel New Hampshire,1984.0,6.0,7790,1513.8,110,57,64,7500000.0,5142858,820,6.169864070392928
109297,Blink,1993.0,6.2,7750,1590.4,145,224,64,11000000.0,16696219,549,6.177787271740976
282687,Life or Something Like It,2002.0,5.8,23044,1272.8,138,224,64,40000000.0,16872671,763,6.162519863056185
3210686,Son of God,2014.0,5.7,18245,757.4,94,224,99,22000000.0,70829270,142,6.167068176421402
1186367,Ninja Assassin,2009.0,6.3,67954,1456.4,46,116,64,40000000.0,61601280,332,6.186336330370291
165710,Detroit Rock City,1999.0,6.9,35188,1935.0,132,224,64,34000000.0,4217115,4,6.168495681968121
4971258,Bombairiya,2019.0,4.5,359,265.8,101,158,100,800000.0,15496,657,6.162532965339324
2027265,Une vie meilleure,2011.0,6.6,1630,1780.0,158,104,69,7060908.0,4024643,158,6.158463576736063
383694,Vera Drake,2004.0,7.6,23857,1986.4,143,128,64,11000000.0,13267869,577,6.1598131972797665
5112054,Kappen!,2016.0,5.2,1156,830.2,188,186,61,1631313.0,629439,798,6.16707390430544
377800,Don't Come Knocking,2005.0,6.6,7237,1646.8,180,115,64,11000000.0,4663501,850,6.171316620144784
2854926,Tag,2018.0,6.5,112145,1446.0,15,224,132,28000000.0,78130625,353,6.175477779395424
1436559,"Love, Wedding, Marriage",2011.0,4.9,8965,862.6,99,224,64,12000000.0,515823,192,6.155752138599236
1303828,Defendor,2009.0,6.8,35412,1772.6,101,57,129,3500000.0,44462,647,6.164427834583151
1239290,Kvinden der drømte om en mand,2010.0,5.0,819,839.6,188,86,57,4000000.0,284818,640,6.170252769974652
1661820,Cut Bank,2014.0,6.1,11141,1141.0,147,224,64,5000000.0,288591,542,6.163837129657189
112740,Crimson Tide,1995.0,7.3,100936,2083.6,35,224,64,53000000.0,157387195,821,6.1661794565388295
970411,City of Ember,2008.0,6.5,62553,1622.2,70,224,64,55000000.0,17929684,279,6.157209857306878
2357461,Miele,2013.0,6.7,1857,1658.4,158,117,174,2008706.0,935304,829,6.167586472577683
6397530,Malapata,2017.0,5.7,440,843.0,137,198,194,30434.0,93039,200,6.15109605821034
114296,Roommates,1995.0,6.4,1733,1232.0,110,224,64,22000000.0,12096881,649,6.158431184628306
1433810,Dhobi Ghat,2010.0,7.0,12376,1767.0,158,155,100,1383834.0,3082958,468,6.163094084543256
455805,Then She Found Me,2007.0,6.0,9564,1265.0,116,222,75,3500000.0,8443998,305,6.17231873024502
104714,Lethal Weapon 3,1992.0,6.7,156246,1931.6,26,224,64,35000000.0,321731527,683,6.152022628046556
5989218,Life Itself,2018.0,6.8,17040,1753.6,188,214,132,10000000.0,7997774,161,6.144597765848139
463903,Be with Me,2005.0,7.0,1625,1971.0,188,205,34,150142.0,91297,232,6.188315168189298
481532,Greg & Gentillon,2005.0,6.6,95,1309.8,110,41,64,270732.0,1913,544,6.166893804646197
449010,Eragon,2006.0,5.1,121445,521.0,6,151,64,100000000.0,250425512,758,6.1557871523842325
87015,C.H.U.D.,1984.0,5.6,10701,900.0,214,224,64,1250000.0,4654423,208,6.174734175351402
96320,Twins,1988.0,6.1,113183,1531.2,100,224,64,15000000.0,216614388,319,6.165396278042003
3965866,Tous les chats sont gris,2014.0,6.8,172,1527.4,158,18,147,1704357.0,41340,735,6.160678991080498
1784443,Ganglamedo,2006.0,7.0,17,1725.0,182,60,189,1000000.0,18422,846,6.181472660025938
114814,The Usual Suspects,1995.0,8.5,982719,2635.6,151,145,76,6000000.0,23341568,110,6.156562112639286
102175,Jungle Fever,1991.0,6.6,16931,1772.2,188,224,64,14000000.0,43882682,756,6.1565499539326085
113409,In the Mouth of Madness,1995.0,7.2,61010,2024.6,176,224,64,8000000.0,8924549,379,6.180813048176775
261175,Pietje Bell,2002.0,5.9,2012,893.3333333333334,200,138,61,7304388.0,4865557,524,6.180629756231752
7537738,Mamangam,2019.0,6.4,2284,1459.6,29,155,186,7461850.0,837421,505,6.1678975649553625
4970552,Solan og Ludvig: Herfra til Flåklypa,2015.0,6.6,596,1749.4,83,190,190,4117357.0,5204792,672,6.13682120459513
101510,Bright Angel,1990.0,5.5,507,622.4,195,224,64,4000000.0,158243,555,6.161509606201348
1388419,Finding Lenny,2009.0,6.1,52,1217.4,99,207,64,605799.0,55662,593,6.161840100845332
3400630,La prima volta (di mia figlia),2015.0,5.2,167,517.6,99,165,174,1826097.0,129134,677,6.166564373269992
2815902,The Childhood of a Leader,2015.0,6.1,5601,1348.6,158,20,70,3000000.0,245546,101,6.160359189243417
762121,The Nativity Story,2006.0,6.8,9845,1474.2,63,224,99,35000000.0,46432264,117,6.175189138754123
83972,Friday the 13th Part III,1982.0,5.7,47373,839.2,216,224,64,2300000.0,36690067,769,6.164393916805673
861704,Emotional Arithmetic,2007.0,6.1,1285,1265.4,158,41,64,6800000.0,887065,622,6.16237857222507
2503944,Burnt,2015.0,6.6,105681,1574.6,110,222,78,20000000.0,36606743,400,6.162105220329235
442353,Morir en San Hilario,2005.0,6.4,206,1496.4,99,211,203,12173.0,185757,482,6.173962430543053
396269,Wedding Crashers,2005.0,6.9,330858,2026.6,138,224,64,40000000.0,288467645,173,6.161911600655926
47892,Bob le flambeur,1956.0,7.7,10766,2186.8,147,104,69,3247772.0,15586,347,6.165271561228212
1467388,Nosso Lar,2010.0,6.4,2791,1524.0,165,35,194,12000000.0,21225527,842,6.164456825345848
93966,The Sicilian,1987.0,5.4,4633,747.4,23,224,64,9000000.0,5406879,551,6.164387323755513
6222996,Oshan 14,2016.0,5.0,178,862.8,99,94,6,1045013.0,69089,744,6.1471274703799015
2156825,Kamen,2012.0,5.6,640,1295.8,147,202,198,2000000.0,4273258,841,6.16140654463353
107606,Mother's Boys,1993.0,5.4,2965,1591.8,195,224,64,8000000.0,737548,871,6.163330717928341
1473357,Fatal,2010.0,5.8,1877,1214.0,132,104,147,15826174.0,9267224,564,6.170436433050088
84827,TRON,1982.0,6.8,112623,2074.8,10,224,64,17000000.0,33000000,771,6.149668871431531
439478,The Boynton Beach Bereavement Club,2005.0,6.4,939,1469.6,138,224,64,1500000.0,3572758,778,6.163925277322503
1085400,Estrellita,2007.0,6.4,131,1470.2,180,34,27,1680009.0,69043,546,6.154611676489929
3797888,Kissebaaz,2019.0,4.6,190,949.0,16,155,165,746185.0,16065,55,6.1693562617598525
365885,The Upside of Anger,2005.0,6.8,21120,2045.6,110,144,64,12000000.0,28237488,575,6.163500788934984
5851680,Tuntematon mestari,2018.0,7.4,780,2493.2,158,99,146,3043495.0,101247,470,6.1831201735253325
460791,The Fall,2006.0,7.9,106791,2501.2,64,156,122,30000000.0,3669465,790,6.166046162539347
443533,The History of Love,2016.0,6.3,1221,1458.2,192,21,140,18260970.0,492272,663,6.150668888539985
5988370,Reis,2017.0,1.4,72278,66.4,92,220,208,8000000.0,538551,310,6.153808101906925
3321428,Torrente 5: Operación Eurovegas,2014.0,5.4,3808,717.6,15,211,203,10347883.0,13851074,733,6.165006711542347
2053378,Juoppohullun päiväkirja,2012.0,4.3,1298,627.4,99,99,144,1597226.0,1552896,484,6.159671867942235
1134828,Kaméleon,2008.0,7.3,2103,1893.2,119,149,105,900000.0,676111,473,6.165269113005658
382765,Jindabyne,2006.0,6.3,6395,1351.2,145,9,0,11317140.0,6044112,673,6.166238141073678
102926,The Silence of the Lambs,1991.0,8.6,1257236,2756.4,147,224,121,19000000.0,272742922,410,6.168519000761128
111257,Speed,1994.0,7.2,326078,1946.6,11,224,64,30000000.0,350448145,335,6.1676012439065335
2062559,Invasor,2012.0,5.6,857,950.8,4,125,19,3652194.0,676451,165,6.149156228421028
7744802,"Fala Sério, Mãe!",2017.0,6.1,510,1362.4,121,35,194,1167216.0,11616161,638,6.165278934700842
848228,The Avengers,2012.0,8.0,1252485,2170.8,10,224,101,220000000.0,1518815515,423,6.162299569803905
99371,Days of Thunder,1990.0,6.1,78642,1394.0,34,224,69,60000000.0,157920733,821,6.163943491079514
72226,The Sugarland Express,1974.0,6.8,15316,1616.8,143,224,64,3000000.0,7504841,772,6.17381182545931
220827,Non ho sonno,2001.0,6.2,6344,1193.0,213,165,110,4000000.0,158811,170,6.1607689226955875
123209,The Other Sister,1999.0,6.5,11757,1536.6,116,224,64,35000000.0,27807627,266,6.163089220317213
82869,Outland,1981.0,6.6,27150,1519.6,25,221,64,16000000.0,17374595,644,6.167650417589255
108525,Wayne's World 2,1993.0,6.2,76704,1437.6,132,224,30,40000000.0,48198019,766,6.167519985314344
1529572,Trust,2010.0,6.9,41073,1971.8,147,224,64,4000000.0,595802,182,6.161423319041653
1483324,At Middleton,2013.0,6.5,7854,1387.0,138,224,64,2500000.0,82993,5,6.162644279984192
109758,Exit to Eden,1994.0,4.3,6464,369.2,105,224,64,25000000.0,6841570,266,6.154585773661542
464913,"OSS 117: Le Caire, nid d'espions",2006.0,7.1,18401,2257.2,3,104,20,17043572.0,23041621,565,6.169233898762387
1296898,Waiting for Forever,2010.0,6.0,19557,1537.4,116,224,64,5000000.0,25517,330,6.171310716569667
206314,Joy Ride,2001.0,6.6,63744,1875.4,41,224,64,23000000.0,36642838,380,6.171201695411502
2421230,Aikuisten poika,2014.0,5.6,163,1180.2,110,99,144,1460877.0,87072,429,6.173262492267977
4196776,Jason Bourne,2016.0,6.6,206674,1420.4,46,68,89,120000000.0,415484914,630,6.160429350058924
74958,Network,1976.0,8.1,143898,2213.6,158,224,64,3800000.0,23690757,751,6.179418114234069
172156,Bad Boys II,2003.0,6.6,230048,1206.4,16,224,130,130000000.0,273339556,550,6.166494434321415
137523,Fight Club,1999.0,8.8,1836256,1928.0,158,135,64,63000000.0,101209593,174,6.160311534642055
3352390,Friend Request,2016.0,5.3,24178,923.0,213,132,64,9900000.0,10975390,752,6.1593421162327076
111742,Wolf,1994.0,6.2,52344,1405.2,177,224,132,70000000.0,131002597,578,6.164240046957149
414413,La promesa,2004.0,6.0,218,1138.0,216,211,203,2434796.0,169993,309,6.156621479481365
2950418,Greater,2016.0,7.3,4485,2109.2,98,224,64,9000000.0,2000620,177,6.169850243629681
454919,Pulse,2006.0,4.8,27953,783.8,215,200,64,20500000.0,29907685,369,6.162734088145506
1182937,Rab Ne Bana Di Jodi,2008.0,7.2,43483,1702.8,114,155,165,2984740.0,29914469,6,6.181124953973045
5462326,Mom and Dad,2017.0,5.5,20323,1039.8,131,222,43,7000000.0,165962,104,6.161830395983003
453453,Beer League,2006.0,5.9,7653,1070.0,140,224,64,2800000.0,472185,256,6.162943205331562
1068641,The Burning Plain,2008.0,6.8,18823,1727.8,146,6,132,20000000.0,5642478,290,6.168292875300769
1013752,Fast & Furious,2009.0,6.6,260806,1426.6,46,172,132,85000000.0,360364265,438,6.164722371313743
92548,American Ninja 2: The Confrontation,1987.0,4.9,8004,536.2,17,208,64,350000.0,4000000,729,6.155687958150044
5708028,Cocote,2017.0,6.6,261,1406.0,158,4,203,432864.0,4224,598,6.158004283419611
3121474,Daan san nam nui 2,2014.0,5.4,598,577.2,220,63,41,9674100.0,33801759,402,6.170531606428214
4328798,Masss,2015.0,6.0,3567,1110.4,20,155,205,2.0,245564,831,6.16594789540913
119311,Hoodlum,1997.0,6.3,10494,1434.2,143,224,64,30000000.0,23499102,92,6.1691671118137155
308644,Finding Neverland,2004.0,7.7,197763,2288.6,93,222,64,25000000.0,116650613,518,6.168868963810487
103976,City of Joy,1992.0,6.5,4766,1418.8,158,128,64,27000000.0,14683921,712,6.168342024995265
2673854,Midget Zombie Takeover,2013.0,4.7,90,461.8,128,224,64,2000.0,11006,282,6.1470911026216175
808185,Den brysomme mannen,2006.0,7.3,16358,1899.2,112,153,190,1610139.0,379331,358,6.169457868168959
1450321,Filth,2013.0,7.1,100998,2385.4,101,30,97,5000000.0,8417248,406,6.14838540999802
1964868,Late September,2012.0,5.4,43,854.8,158,221,64,20153.0,3917,407,6.152019017312139
1224378,Viy,2014.0,5.2,5014,758.8,72,78,129,26000000.0,38885962,614,6.1636308703666325
323443,Nousukausi,2003.0,6.7,2750,1382.0,99,99,144,1323311.0,1337433,377,6.172252233194609
1374985,Alois Nebel,2011.0,6.7,1398,1864.6,80,74,50,3043495.0,664185,816,6.149754189969536
5815492,1945,2017.0,7.1,3250,1891.6,158,149,171,1785922.0,1240663,244,6.1522809116612995
327437,Around the World in 80 Days,2004.0,5.9,84272,1110.0,3,133,31,110000000.0,72178895,255,6.163206183582154
9077038,Monster,2019.0,6.8,464,1465.2,111,155,205,1000000.0,19705,599,6.1563385224995155
2390426,Tres 60,2013.0,4.8,405,773.0,187,211,203,3165234.0,300539,23,6.138662549597146
763831,A Thousand Words,2012.0,5.9,40144,1040.2,110,224,64,40000000.0,22044277,103,6.159545697066412
348150,Superman Returns,2006.0,6.0,269920,1467.6,43,224,70,270000000.0,391081192,110,6.1674721538495865
100822,Tune in Tomorrow...,1990.0,6.2,1706,1378.2,138,224,64,11000000.0,1794001,403,6.167896507835258
948530,Aanrijding in Moscou,2008.0,7.2,3898,2183.4,116,18,63,882613.0,2842635,137,6.159988091317628
299930,Gigli,2003.0,2.5,45867,320.0,105,224,64,54000000.0,7266209,534,6.156099105828571
5138280,Karski i wladcy ludzkosci,2015.0,7.7,52,2606.4,153,197,64,350000.0,5475,754,6.168515876437353
112499,The Big Green,1995.0,5.6,9239,1152.4,123,224,64,12000000.0,17736619,307,6.127303792734872
465580,Push,2009.0,6.1,105246,1477.2,44,58,30,38000000.0,48858618,633,6.168051282042341
1723047,Requiem pour une tueuse,2011.0,5.1,1187,422.8,222,104,69,10298185.0,580265,440,6.157292393020235
6164502,November,2017.0,7.2,4009,1526.2,166,95,142,1765227.0,19084,665,6.17810150203637
2167202,Getaway,2013.0,4.4,23135,755.8,26,39,64,18000000.0,11806432,154,6.175471035352572
329106,Führer Ex,2002.0,6.6,1443,1637.4,158,134,159,6086990.0,51772,851,6.164809568252295
1598642,Z for Zachariah,2015.0,6.0,28149,1279.6,193,154,64,7500000.0,381839,155,6.167578751764016
7362036,Wo bu shi yao shen,2018.0,7.9,4643,1977.4,110,60,123,15000000.0,451183391,588,6.218575870462063
2952602,Yi ge ren de wu lin,2014.0,6.5,9948,1544.0,26,63,41,25000000.0,24070765,794,6.1735456546159435
95652,Monkey Shines,1988.0,6.2,10577,1439.4,178,224,64,7000000.0,5344577,271,6.180016940707671
103128,True Identity,1991.0,5.0,1120,613.4,99,224,64,15000000.0,4693236,122,6.174723716529515
481369,The Number 23,2007.0,6.4,192470,1608.6,151,224,43,30000000.0,77677553,376,6.1634575568228
117603,Set It Off,1996.0,6.9,14128,2205.2,23,224,64,9000000.0,41590886,240,6.167206439230492
1486196,Summer Coda,2010.0,6.3,497,1302.0,188,9,64,754476.0,77769,685,6.163421182687782
3741834,Lion,2016.0,8.0,211072,1759.6,92,14,26,12000000.0,140312928,267,6.163395726132739
107750,Only the Strong,1993.0,6.7,5698,1700.2,28,131,127,6000000.0,3283371,747,6.157492121198955
808285,The Good Heart,2009.0,6.9,4244,1617.2,110,84,88,3800000.0,346851,159,6.153598102885707
1249315,Tres piezas de amor en un fin de semana,2009.0,5.8,39,1173.4,158,181,203,1200000.0,30615,727,6.159551057715329
4374502,The Ghosts of Johnson Woods,2015.0,5.0,31,719.2,216,224,64,60000.0,3000,282,6.156070697234354
1014759,Alice in Wonderland,2010.0,6.4,381369,1313.2,70,222,64,200000000.0,1025468216,801,6.1779217578071695
1753908,"Hjelp, vi er russ",2011.0,3.1,421,219.0,99,190,190,1035089.0,458344,460,6.120281458629217
4823592,Le concours,2016.0,7.0,298,2195.0,153,104,147,608699.0,87492,145,6.170706901134356
112641,Casino,1995.0,8.2,461377,2087.6,143,131,64,52000000.0,116112375,538,6.170389055131814
3547740,La famille Bélier,2014.0,7.3,24185,1886.2,114,23,157,13345119.0,72775689,878,6.166238334750869
4746506,Fai bei sogni,2016.0,6.5,1527,1499.8,188,117,152,6086990.0,1898410,521,6.153003047200437
1628841,Independence Day: Resurgence,2016.0,5.2,165711,720.2,10,224,123,165000000.0,389681935,711,6.162088885931128
5763166,Desaparecer,2015.0,4.4,36,565.8,222,194,203,1000000.0,204422,206,6.1527371379076605
1547234,Premium Rush,2012.0,6.5,109701,1676.0,26,224,35,35000000.0,31083599,176,6.169340804159003
1634121,Intruders,2011.0,5.4,20023,1163.4,205,213,132,12173980.0,5486559,426,6.164664111772861
426173,Pregi,2004.0,7.1,1171,1774.8,158,196,193,271871.0,1268240,508,6.1840638851316525
118747,Blues Brothers 2000,1998.0,4.9,31341,672.6,16,224,129,28000000.0,14051384,390,6.160081141998593
3469244,Phantom,2015.0,5.9,8460,1156.8,35,155,165,7500000.0,13676590,444,6.151993560229845
3276924,Heist,2015.0,6.1,27781,1344.0,23,224,64,8900000.0,3777046,736,6.157473473203651
99365,Darkman,1990.0,6.4,58273,1608.6,44,224,64,14000000.0,48878502,731,6.175869682768577
79668,The Onion Field,1979.0,6.8,4482,1908.0,143,224,64,2000000.0,9890597,303,6.16885328625839
7691572,Kiborgy. Heroyi ne vmyrayut,2017.0,7.9,6589,2205.4,36,226,199,1700000.0,884894,15,6.167821637197425
497316,Adrift in Manhattan,2007.0,5.5,1639,1022.2,158,224,132,4000000.0,90272,36,6.174982121345848
99797,The Hot Spot,1990.0,6.4,10442,1397.8,146,224,64,13000000.0,1293976,188,6.165043273333515
114928,White Man's Burden,1995.0,5.3,4592,597.4,195,131,64,7000000.0,3734870,193,6.160356740914486
808486,Suden vuosi,2007.0,6.1,729,1586.0,188,99,144,1826097.0,558733,615,6.166671118036073
90655,April Fool's Day,1986.0,6.2,14357,1104.2,211,58,64,5000000.0,12947763,263,6.158818851678591
1322264,The Dry Land,2010.0,5.6,478,1193.2,158,224,132,1000000.0,11777,722,6.154763833402589
1150938,Divina confusión,2008.0,4.7,164,629.0,110,181,203,501319.0,887620,728,6.156122793432983
67515,Octaman,1971.0,3.5,924,226.8,214,184,64,250000.0,280710,304,6.1697428214423615
1069246,Habana Eva,2010.0,6.1,336,1100.0,138,70,203,800000.0,707988,248,6.1611179102530285
238380,Equilibrium,2002.0,7.4,310237,2445.8,33,224,64,20000000.0,5368217,475,6.159794235249384
62695,Baisers volés,1968.0,7.7,12091,2021.4,116,104,69,350000.0,509,259,6.165350624198789
6708044,La tribu,2018.0,5.8,2219,1103.2,99,211,203,4260893.0,7318071,245,6.1605860366069205
1748197,Setup,2011.0,4.4,20442,951.2,23,224,64,20000000.0,2140476,576,6.064582497811698
114168,Powder,1995.0,6.6,28333,1604.2,167,224,64,9500000.0,30862156,834,6.166828881002435
1432916,Den D,2008.0,3.2,429,120.4,0,202,198,5000000.0,1121487,580,6.151716312306121
80455,The Blues Brothers,1980.0,7.9,181548,1978.0,3,224,64,27000000.0,115229890,390,6.166863310090342
846033,Maya,2008.0,5.1,185,622.8,158,155,136,500000.0,10686,233,6.169901638661265
1783408,Ursul,2011.0,6.6,585,1326.0,99,199,197,669568.0,56014,160,6.150757041568658
99587,Flight of the Intruder,1991.0,5.8,6366,1031.2,35,224,64,35000000.0,14587732,392,6.158471928197274
107079,Sugar Hill,1993.0,5.9,4122,965.0,147,224,64,10000000.0,18225518,486,6.158248415793002
96378,Vibes,1988.0,5.7,3589,892.4,60,224,64,18000000.0,1883811,457,6.153144966427178
82096,Das Boot,1981.0,8.3,229925,2704.6,69,228,159,19917856.0,11487676,854,6.178170221488578
8368406,Vivarium,2019.0,5.8,34734,1082.0,129,19,64,4000000.0,434030,491,6.160199954785218
6755366,Rossz versek,2018.0,7.7,2006,2694.6,110,149,149,779929.0,264307,295,6.162639228198092
2584384,Jojo Rabbit,2019.0,7.9,283132,2027.6,120,77,88,14000000.0,90335025,785,6.162094273586126
890886,Den sorte Madonna,2007.0,5.2,918,815.6,17,81,59,3.0,1490180,481,6.1582165828331314
99939,King of New York,1990.0,7.0,31911,1755.2,152,165,64,5300000.0,2554476,1,6.171980562999824
2385104,D-Day,2013.0,7.2,9329,2084.6,46,155,165,4070099.0,65536,609,6.165053753956036
97737,Leviathan,1989.0,5.8,18681,909.2,74,167,64,25000000.0,15704614,276,6.161110764483488
1815849,Native,2011.0,5.2,209,661.4,216,165,174,60869.0,37997,395,6.135036696977753
97499,Henry V,1989.0,7.5,28054,2061.2,14,221,69,9000000.0,10161099,458,6.171821280285005
4581576,Aftermath,2017.0,5.6,21848,992.8,195,222,137,10500000.0,840809,226,6.163558284864592
980976,Cristóvão Colombo - O Enigma,2007.0,5.6,383,694.0,169,112,127,2000000.0,133250,514,6.131279821837773
1588358,Hermano,2010.0,7.3,2456,2185.4,164,227,203,427.0,1609112,519,6.149914317127752
1314659,Da xi shi,2009.0,5.4,109,934.8,138,180,102,1000000.0,1949614,223,6.17170697460379
285487,Crazy as Hell,2002.0,6.0,993,1433.0,195,224,64,1800000.0,21679,236,6.156868730996864
314412,My Life Without Me,2003.0,7.5,24105,1680.0,188,55,64,2434796.0,9781854,314,6.156623974858008
6283474,Toman,2018.0,6.5,311,1733.8,94,79,48,2180359.0,636170,616,6.15378837017722
215850,Hochelaga,2000.0,7.0,484,2305.2,143,41,147,781085.0,376714,566,6.166182335074487
181689,Minority Report,2002.0,7.6,504613,2689.4,24,224,134,102000000.0,358372926,772,6.167889897965805
357585,Decoys,2004.0,4.6,4518,511.0,214,41,64,5000000.0,84733,543,6.157151857096933
6559390,L'apparition,2018.0,6.3,1260,1492.0,158,26,71,10834842.0,3562793,860,6.150904670122001
1291150,Teenage Mutant Ninja Turtles,2014.0,5.8,200060,1242.2,3,224,115,125000000.0,485004754,412,6.161137925840853
3678192,Häiriötekijä,2015.0,6.8,778,1740.6,99,99,144,1095658.0,237906,25,6.1614562239968
250223,Astérix & Obélix: Mission Cléopâtre,2002.0,6.6,48644,1798.2,57,105,7,60686949.0,128027976,18,6.155006134015358
93239,I've Heard the Mermaids Singing,1987.0,6.7,1393,1851.2,110,41,64,282752.0,1408491,625,6.158621086217915
89572,The Mean Season,1985.0,6.1,3653,1142.4,152,224,64,7000000.0,4349446,654,6.170325087490865
2268016,Magic Mike XXL,2015.0,5.6,51958,1142.8,114,224,64,14800000.0,117813057,288,6.16257926877214
345061,Code 46,2003.0,6.2,19867,1542.8,189,221,64,7500000.0,886018,562,6.157811245859599
113198,A Goofy Movie,1995.0,6.9,45728,1765.6,49,11,64,18000000.0,35348597,463,6.168970480623857
2170427,Good Kids,2016.0,6.1,9286,955.6,110,224,79,3000000.0,23627,131,6.173903408978746
996962,Modern Love,2008.0,5.3,270,533.8,136,104,147,6414470.0,2159162,776,6.152811462027555
1305907,Qian bu gou yong 2,2008.0,6.2,163,1116.2,110,205,104,1126066.0,4759454,323,6.18089201923645
6471684,Polícia Federal: A Lei é para Todos,2017.0,6.7,3235,1927.8,26,35,194,4600000.0,6382550,520,6.15679096732662
5669936,The Recall,2017.0,4.2,6794,617.2,38,41,64,3600000.0,112357,545,6.159105962239191
85694,The House on Sorority Row,1982.0,6.0,7343,1286.4,213,224,64,425000.0,10604986,532,6.158938435187944
2609758,A Madea Christmas,2013.0,4.9,5828,280.2,116,224,64,25000000.0,53396635,824,6.162901386751877
165494,Ringmaster,1998.0,3.2,4829,371.2,99,224,64,20000000.0,9257103,594,6.164478513884847
790636,Dallas Buyers Club,2013.0,8.0,436796,2413.4,92,224,115,5000000.0,55736588,346,6.162860133911574
8242160,4 latas,2019.0,5.9,2448,1037.4,110,211,3,3652194.0,400530,277,6.165968282447871
1637725,Ted,2012.0,6.9,566878,1937.0,99,224,115,50000000.0,549368315,742,6.159918664941988
3949936,Supilinna Salaselts,2015.0,6.7,546,1759.8,6,96,141,1387833.0,391572,523,6.151650493643626
4645330,Denial,2016.0,6.7,19008,1769.2,92,222,90,10000000.0,7994527,569,6.171463994965195
5037996,Bulanti,2015.0,6.3,1883,1227.4,158,220,208,0.0,71022,874,6.180167380514773
1232776,Fish Tank,2009.0,7.3,58579,1720.4,158,188,64,3000000.0,2404300,43,6.160824506479507
119558,Lolita,1997.0,6.9,51850,1724.0,188,131,64,62000000.0,1071255,7,6.162072614929574
458515,"Io, Don Giovanni",2009.0,7.0,547,1725.8,170,119,160,10000000.0,253078,115,6.147969275338602
384642,Kicking & Screaming,2005.0,5.6,36033,1013.4,122,224,110,45000000.0,56070433,361,6.1679140073958525
84434,An Officer and a Gentleman,1982.0,7.0,49133,1437.0,188,224,65,7500000.0,129795554,793,6.160400576241701
6736198,Solteras,2019.0,5.9,2003,1187.4,99,181,203,1450000.0,3231457,501,6.152726662075629
1634524,Órói,2010.0,6.8,1451,1977.2,188,152,172,2000000.0,114203,78,6.162355603394162
110588,Mrs. Parker and the Vicious Circle,1994.0,6.4,4194,1289.2,92,58,64,7000000.0,2144667,21,6.16484320571141
488820,Antonio guerriero di Dio,2006.0,6.3,176,1396.0,85,165,174,7304388.0,95817,61,6.144694933078258
457643,Bôkoku no îjisu,2005.0,5.4,239,642.4,35,168,177,12000000.0,16869261,437,6.19947744603827
112851,Desperado,1995.0,7.2,170347,2244.4,26,184,132,7000000.0,25405445,697,6.159469042781339
9258012,Uzly a pomerance,2019.0,6.2,31,1359.8,163,75,51,1643487.0,41827,318,6.179923344566845
1716777,People Like Us,2012.0,7.1,41386,1289.0,110,224,132,16000000.0,12558931,27,6.159914073157663
1145479,Täällä Pohjantähden alla,2009.0,6.8,658,2070.6,192,99,144,3165234.0,1942703,805,6.164693549471211
78346,Superman,1978.0,7.3,158105,2041.2,5,56,64,55000000.0,300218018,683,6.168785546616471
111579,Utomlennye solntsem,1994.0,7.9,14235,2544.0,173,124,156,2800000.0,2313461,608,6.169265545866446
1190539,Chugyeokja,2008.0,7.8,57674,1772.2,26,209,181,2650000.0,36495748,308,6.19767759113797
1740707,Trolljegeren,2010.0,7.0,68448,1755.8,166,190,126,2288698.0,5341098,50,6.165576908555814
1640484,Jumping the Broom,2011.0,5.7,10102,864.6,110,224,64,6600000.0,38158601,726,6.1545114653481034
128214,"First Love, Last Rites",1997.0,5.2,313,859.2,188,224,64,300000.0,42953,363,6.165478584301502
5893264,D'après une histoire vraie,2017.0,5.7,5672,1175.8,187,28,147,12173980.0,3988331,713,6.156137040490504
92632,The Believers,1987.0,6.1,6222,1275.4,144,57,64,13000000.0,18753438,397,6.169985019133249
7059844,Dabangg 3,2019.0,3.2,9936,82.6,15,155,167,1356700.0,14784628,659,6.17247830340043
1174035,Echte Wiener - Die Sackbauer-Saga,2008.0,6.6,271,1725.0,110,16,159,1217398.0,3464221,474,6.1612199509881185
2705574,Mittsommernachtstango,2013.0,7.4,127,2057.2,156,5,68,774265.0,243502,838,6.1611468931228455
1499658,Horrible Bosses,2011.0,6.9,419582,2195.2,100,224,64,35000000.0,209838559,741,6.1675339924390284
117737,Stealing Beauty,1996.0,6.6,25839,1735.0,185,120,72,10000000.0,4762310,91,6.162643887325164
2576852,Kaguyahime no monogatari,2013.0,8.0,37835,2334.0,50,168,177,48195000.0,24638337,315,6.1631713155451795
1904996,Parker,2013.0,6.2,112900,982.0,26,224,64,35000000.0,46922566,793,6.169083179232799
1106860,Ca$h,2010.0,6.0,9106,1220.4,152,224,64,7000000.0,46488,764,6.171921396981387
382077,Hide and Seek,2005.0,6.0,81273,1184.8,176,145,64,30000000.0,127369981,393,6.180222278383827
102004,The Hard Way,1991.0,6.4,18373,1662.6,16,224,64,24000000.0,65595485,378,6.161126770243209
1188992,Haarautuvan rakkauden talo,2009.0,6.4,1245,1634.0,110,99,144,1668319.0,1846748,573,6.179238856035327
459748,Generation P,2011.0,6.8,3626,1906.8,117,203,198,7000000.0,4653071,833,6.155906039237085
2403393,Desert Dancer,2014.0,6.2,1783,995.2,95,185,64,4000000.0,438165,688,6.172122702569569
78239,Sgt. Pepper's Lonely Hearts Club Band,1978.0,4.2,6004,849.4,58,224,64,18000000.0,20378470,561,6.145667287119961
7241654,In the Absence of Good Men,2017.0,4.4,1362,352.4,23,224,64,5000000.0,5124,806,6.160172236772699
2361700,Antarctica: A Year on Ice,2013.0,7.6,3319,2233.8,53,189,64,1000000.0,288757,58,6.16151860761824
3923572,Milionari,2014.0,5.9,164,1208.0,88,165,176,2434796.0,79088,26,6.164571459331691
143746,Molly,1999.0,5.8,2687,1174.4,116,224,64,21000000.0,17650,382,6.164190525297242
1756851,Twixt,2011.0,4.8,10381,1295.6,125,224,64,7000000.0,647839,252,6.161587014301468
1654523,Night Train to Lisbon,2013.0,6.8,18196,2053.4,219,140,127,9373964.0,12020387,94,6.163057625139456
100935,Wild at Heart,1990.0,7.2,82837,2047.0,101,224,132,9500000.0,14560247,179,6.165529400513281
83767,Creepshow,1982.0,6.9,42131,1612.0,125,224,64,8000000.0,21028755,271,6.165138578035265
2395427,Avengers: Age of Ultron,2015.0,7.3,733367,1567.2,10,224,118,250000000.0,1402809540,423,6.156843964642767
1562847,Amigo,2010.0,5.8,545,1150.0,198,224,65,1500000.0,184705,396,6.1665965250076935
87054,Choose Me,1984.0,6.7,2604,1567.6,116,224,64,700000.0,2490233,21,6.161741543880346
6423362,The Sun Is Also a Star,2019.0,5.9,5926,1048.0,182,224,118,9000000.0,6750029,720,6.165515567712269
90660,Armed and Dangerous,1986.0,5.7,10605,847.4,16,224,64,12000000.0,15945534,529,6.163186380622807
2084007,Lora ot sutrin do vecher,2011.0,5.9,509,1136.0,59,37,28,6086.0,79721,198,6.164413171257414
241760,The New Guy,2002.0,5.9,33560,1221.0,99,224,64,13000000.0,31167388,218,6.180115401581864
101412,Beastmaster 2: Through the Portal of Time,1991.0,4.1,2938,637.0,7,131,64,6000000.0,869325,783,6.164582135893475
120857,Un tè con Mussolini,1999.0,6.9,10972,1848.0,120,166,110,12000000.0,14401563,254,6.1776277803128625
796366,Star Trek,2009.0,7.9,575035,2117.8,10,145,64,150000000.0,385680446,322,6.20012583253204
950739,Arn: Riket vid vägens slut,2008.0,6.6,7571,1550.6,32,82,9,25152540.0,8787136,642,6.155192676201451
87884,"Paris, Texas",1984.0,8.1,89409,1574.2,158,130,132,1561257.0,2206121,850,6.175197212785019
3094252,Echoes of War,2015.0,5.4,1155,847.4,197,224,64,150000.0,7615,449,6.162390153852662
10477950,Hjelperytteren,2019.0,4.5,26,158.8,99,190,126,922955.0,5159,339,6.148436079408389
2190367,O Som ao Redor,2012.0,7.2,7193,1795.4,195,35,124,361836.0,467491,471,6.155874595409089
6143568,The Humanity Bureau,2017.0,4.7,7515,596.8,44,57,64,4300000.0,58970,695,6.167836440946732
171359,Hamlet,2000.0,5.9,9041,1068.4,191,224,64,2000000.0,2046433,548,6.169507056364205
84805,Tootsie,1982.0,7.4,97191,2377.8,116,224,64,21000000.0,177200000,780,6.1626543336828
98330,Signs of Life,1989.0,6.1,354,1184.8,158,224,64,5000000.0,95836,381,6.149667077945753
880458,Stóra planið,2008.0,5.6,353,646.4,99,152,107,628640.0,256210,612,6.159288508897576
92042,Tai-Pan,1986.0,5.6,1563,708.2,48,224,64,25000000.0,4007250,172,6.173617606611912
2193782,Do Not Disturb,2012.0,4.8,658,562.4,116,104,147,6086990.0,832150,870,6.160216168183729
437179,See No Evil,2006.0,5.1,25755,688.8,40,15,64,8000000.0,18707966,287,6.153093149158603
4862468,Da hua xi you 3,2016.0,3.5,373,188.0,202,40,187,20000000.0,53306108,355,6.164575987618206
77248,Blue Collar,1978.0,7.5,7210,2017.6,143,224,64,1700000.0,6521083,635,6.167965341495558
3351004,Un matrimonio da favola,2014.0,5.6,452,741.8,99,165,174,1826097.0,2374155,114,6.161881092071186
422861,The Oh in Ohio,2006.0,5.5,5996,750.4,116,224,64,5000000.0,648183,95,6.167395876060809
3213204,Ishq Garaari,2013.0,6.5,98,1594.25,138,155,196,610515.0,2055,196,6.1574348001215755
91934,Shanghai Surprise,1986.0,3.2,4960,300.2,55,221,64,17000000.0,2315683,365,6.1668557390105
240510,The Four Feathers,2002.0,6.5,32444,1477.0,5,222,64,35000000.0,29882645,746,6.169082195331303
89881,Ran,1985.0,8.2,111300,2183.8,36,121,177,11500000.0,4164283,17,6.17276920425778
137363,Arlington Road,1999.0,7.2,80856,2224.0,147,224,64,31000000.0,41067311,531,6.158171853528249
6083534,Güvercin,2018.0,6.4,477,1642.8,158,220,208,365219.0,4988,80,6.16213158353127
2210769,"Liza, a rókatündér",2015.0,7.6,8242,2458.0,127,149,170,1525949.0,540928,476,6.162176218765257
100196,Mountains of the Moon,1990.0,7.2,3389,2024.8,65,224,64,19000000.0,4011793,99,6.152382898998888
120102,Seven Years in Tibet,1997.0,7.1,127679,2197.8,54,222,91,70000000.0,131457682,345,6.168420910459814
3203606,Trumbo,2015.0,7.5,75911,2640.2,88,224,64,15000000.0,11430025,341,6.1654256034664545
465670,Wilderness,2006.0,6.1,9283,1374.4,210,221,64,4030785.0,566098,506,6.146611295053557
95271,Halloween 4: The Return of Michael Myers,1988.0,5.9,43809,1385.2,216,224,64,5000000.0,17768757,212,6.162837205420087
1486834,The F Word,2013.0,6.8,70288,1782.8,138,52,64,11000000.0,8526288,554,6.167208794049512
87892,A Passage to India,1984.0,7.3,16876,2331.0,65,222,100,16000000.0,27201487,178,6.158985283574405
1911607,Nova Zembla,2011.0,5.8,4172,980.8,169,186,61,8521786.0,10987361,675,6.164973238086631
244173,Le roi danse,2000.0,6.9,2126,2084.0,170,24,147,21000000.0,3203,296,6.179917538750169
1179793,Tatil Kitabi,2008.0,6.3,811,1269.2,158,187,208,384350.0,41783,743,6.156134773583631
409811,Cheong yeon,2005.0,6.9,229,1694.6,220,209,178,7312000.0,3054367,416,6.22706056028736
118125,The Watermelon Woman,1996.0,7.0,1719,1513.8,116,224,64,300000.0,1989,126,6.160289432747913
1231277,S. Darko,2009.0,3.6,13184,679.2,186,224,64,4000000.0,1079949,129,6.159184617241003
5540194,Interlude in Prague,2017.0,6.1,429,1305.6,170,80,112,6717975.0,14699,399,6.15214439544908
2290739,Where the Devil Hides,2014.0,4.9,3641,515.8,216,224,64,7000000.0,1428494,133,6.155925506139172
1024839,De Taali,2008.0,4.0,788,524.6,116,155,165,1085360.0,2818022,222,6.1671590350237855
117723,Spy Hard,1996.0,5.4,35817,663.4,15,224,87,18000000.0,26960191,690,6.173106674541522
427944,Thank You for Smoking,2005.0,7.6,212174,2184.0,110,224,64,6500000.0,39323027,340,6.160755353874824
1841930,Vorrei averti qui,2010.0,2.5,13,661.8,158,165,174,608.0,1469,54,6.14926457742124
3881026,Rendel,2017.0,4.6,1757,526.2,23,99,66,1765227.0,111795,362,6.1657087333406535
420609,Infamous,2006.0,7.0,16226,1789.2,88,224,64,13000000.0,2689799,209,6.160567727750736
1666318,La demora,2012.0,7.2,366,2252.2,158,122,203,1400000.0,11122,705,6.166987281107257
396912,Una de zombis,2003.0,4.5,486,264.6,16,211,203,1463400.0,1399096,571,6.1425687222778995
377744,A Day Without a Mexican,2004.0,4.7,3028,735.6,112,182,132,1500000.0,10057021,740,6.147548715366559
4566320,Soren,2018.0,4.8,23,692.8,188,33,87,677000.0,19366,427,6.157275650630057
3552638,Perez.,2014.0,5.8,665,749.8,147,165,174,1.0,991494,220,6.159102705666615
1126618,Morning Glory,2010.0,6.5,73516,1314.4,116,224,138,40000000.0,60040976,708,6.167801909021644
89469,Legend,1985.0,6.5,59429,1777.2,73,222,110,24500000.0,15502112,691,6.16348485032209
2909116,Le dernier loup,2015.0,6.7,5502,1831.6,62,61,188,38000000.0,125837070,345,6.1819689309991075
373908,The Honeymooners,2005.0,3.3,6989,540.2,122,145,64,25000000.0,13183426,398,6.163721716873682
289229,Hukkle,2002.0,7.1,3507,2233.2,145,149,52,100000.0,132745,294,6.166068215923593
1444324,Perpetuum Mobile,2008.0,5.7,6,1232.4,158,176,184,730438.0,5311,828,6.162742220503896
191133,The Fighting Temptations,2003.0,5.6,6751,1225.8,114,224,64,30000000.0,33972062,413,6.148091276371794
3364242,Acasã la tata,2015.0,6.5,509,1239.4,110,199,197,67232.0,7911,45,6.1521300665401695
110857,Police Academy: Mission to Moscow,1994.0,3.6,31647,446.4,100,224,64,6200000.0,126247,20,6.146141243934439
120917,The Emperor's New Groove,2000.0,7.4,178413,2134.2,49,224,64,100000000.0,169327687,528,6.158805191415922
95853,Permanent Record,1988.0,6.4,1879,1416.2,182,224,64,8000000.0,1893139,526,6.151785792114611
2691498,Hoe duur was de suiker,2013.0,6.8,1521,1765.4,169,139,61,7318203.0,1625240,343,6.157895708747121
1519461,Area 51,2015.0,4.2,13120,524.0,212,224,64,5000000.0,7556,617,6.163551325970023
2194499,About Time,2013.0,7.8,297505,1673.8,112,221,64,12000000.0,87100449,682,6.165820718511585
3697946,Napapiirin sankarit 2,2015.0,6.0,1620,1127.8,99,99,144,1947836.0,4791063,797,6.163887090666234
1231583,Due Date,2010.0,6.5,322289,1523.4,110,224,132,65000000.0,211780824,807,6.166729958201406
3685818,Viikossa aikuiseksi,2015.0,5.4,395,811.6,99,99,144,1826097.0,1140091,377,6.15875698560967
469623,Things We Lost in the Fire,2007.0,7.2,27563,1421.4,158,57,64,16000000.0,8591255,779,6.165376559431107
77288,La cage aux folles,1978.0,7.3,9782,2204.8,99,117,147,1299109.0,20424259,877,6.168286688327804
10682318,Ander Mens,2018.0,5.2,72,852.2,99,207,2,25000000.0,8462,661,6.171127010431473
2196488,Atlantic.,2014.0,6.5,486,1280.6,158,25,13,2191316.0,14484,336,6.17140834195076
6817944,Om det oändliga,2019.0,6.9,3008,1789.2,165,111,204,5548900.0,323090,716,6.159708483186692
56937,Cleopatra,1963.0,7.0,29122,2203.2,94,216,64,44000000.0,57777778,420,6.1621587689146855
898911,Entre caníbales,2007.0,4.3,34,716.2,158,181,203,746966.0,170014,704,6.156173164883582
100168,Mo' Better Blues,1990.0,6.6,11130,1898.0,182,224,64,10000000.0,16153593,756,6.169915552374759
310793,Bowling for Columbine,2002.0,7.9,139351,2299.2,142,49,64,4000000.0,58011975,559,6.163575627220933
79540,Meatballs,1979.0,6.2,19011,1467.0,99,41,64,1249736.0,43046003,319,6.157874302525839
4009460,Saving Christmas,2014.0,1.4,14934,151.6,121,224,64,500000.0,2783970,171,6.167786177876178
7406704,Last Summer,2018.0,5.9,239,1338.8,158,221,64,1115183.0,2205,405,6.169575720046349
96101,Short Circuit 2,1988.0,5.8,23657,1320.6,111,224,64,15000000.0,21630088,459,6.163062967806883
105790,Waterland,1992.0,6.6,2100,1859.6,184,221,64,10000000.0,1100218,762,6.172801698409808
1754920,Yeh Saali Zindagi,2011.0,7.5,4404,2309.6,147,155,165,1356700.0,2011887,777,6.165395048449275
119506,Lawn Dogs,1997.0,7.5,7565,2601.6,158,221,64,8000000.0,106404,382,6.181665428451893
85382,Cujo,1983.0,6.1,39395,1118.0,216,224,64,5000000.0,21156152,488,6.1662720751541436
1104083,Little Ashes,2008.0,6.4,8660,1508.2,96,212,132,3043495.0,767567,634,6.159195070191585
1571402,Vallanzasca - Gli angeli del male,2010.0,6.8,2990,1734.2,88,118,174,8521786.0,4389985,567,6.165979724916387
327717,Feestje,2004.0,4.5,411,855.6,116,186,61,3652194.0,647110,718,6.164892142206935
1361303,Amatieris,2008.0,6.6,89,1776.0,23,174,183,190539.0,85794,337,6.165431373563201
6814214,Skammerens datter II: Slangens gave,2019.0,5.6,477,1273.4,64,73,54,5889959.0,45937,71,6.141026911557961
821475,Kong Pil-du,2006.0,4.9,45,519.6,99,209,181,2500000.0,918673,359,6.1904294240554565
879833,Marias menn,2006.0,5.2,106,1331.6,110,190,190,1725149.0,214163,832,6.106209174584572
1185616,Vals Im Bashir,2008.0,8.0,54816,2112.0,77,10,16,1500000.0,11179372,64,6.177243094259829
120824,The Shipping News,2001.0,6.7,31775,1334.2,158,58,64,38000000.0,24690441,480,6.1618507522234
1280725,Wedding Palace,2013.0,5.8,208,814.0,138,224,118,1000000.0,27183,135,6.165661875914495
2555736,The Second Best Exotic Marigold Hotel,2015.0,6.6,31127,1822.6,110,222,64,10000000.0,85978281,391,6.17518684777174
2302966,I,2015.0,7.4,18798,2124.2,35,155,205,30000000.0,3200113,724,6.166763672486521
163978,The Beach,2000.0,6.7,221478,1843.8,68,222,85,50000000.0,144056873,169,6.17649412511507
278488,How High,2001.0,6.3,53161,1211.0,124,224,64,20000000.0,31283740,361,6.1376019882850885
119707,Mortal Kombat: Annihilation,1997.0,3.7,46413,152.4,7,224,64,30000000.0,51376861,394,6.16597147435629
446559,Harb Atalia,2005.0,6.1,1565,1286.8,21,94,6,637640.0,1281783,11,6.173895293170472
2374310,Ljubav dolazi kasnije,2013.0,6.3,80,1470.4,96,204,201,30434.0,8683,298,6.153871271906299
1663207,Life of Crime,2013.0,5.8,17114,718.4,100,224,64,12000000.0,1456675,168,6.1652412687423555
4080768,La belle saison,2015.0,6.7,4102,1788.2,188,23,158,5843510.0,3778938,116,6.16670300544688
119509,Leave It to Beaver,1997.0,5.2,3968,954.8,121,224,64,15000000.0,10925060,51,6.171250510935917
2361317,Live by Night,2016.0,6.4,51757,1478.6,23,224,132,108000000.0,22678555,84,6.154369136436872
948532,Moordwijven,2007.0,5.7,1834,801.8,99,186,61,3652194.0,4895256,197,6.166151861740277
4940780,Jättiläinen,2016.0,6.7,806,1446.0,158,99,144,1351311.0,400538,25,6.163155928613872
75005,The Omen,1976.0,7.5,106685,1920.6,210,222,112,2800000.0,60922980,683,6.172700762231156
5125414,Amazon Obhijaan,2017.0,4.7,1101,318.8,1,155,24,2713400.0,3403,448,6.151624457556493
116930,Love Serenade,1996.0,6.9,1400,1501.8,101,9,64,2867008.0,604523,749,6.155726892043233
3059638,Coming out,2013.0,5.1,1420,603.4,138,149,169,1356399.0,778670,214,6.147491350090124
493264,Kurtlar Vadisi: Irak,2006.0,5.8,16711,1095.2,36,143,17,8300000.0,23465471,738,6.170113704573614
373981,Kontroll,2003.0,7.6,24310,2065.8,101,149,169,339099.0,1277800,610,6.157545951125333
264464,Catch Me If You Can,2002.0,8.1,818050,2401.6,88,58,69,52000000.0,352114312,772,6.178968364578316
105706,Used People,1992.0,6.1,1349,1346.4,116,172,64,16000000.0,17957265,83,6.159578192774357
1038971,How to Be a Serial Killer,2008.0,5.5,1991,840.4,102,224,64,2000000.0,899,503,6.161397748314554
765010,Brothers,2009.0,7.1,110646,1606.4,35,224,64,26000000.0,43474578,368,6.160705432080729
228333,Ghosts of Mars,2001.0,4.9,50829,648.4,39,224,64,28000000.0,14010832,379,6.166659886800472
4260766,Yapisik Kardesler,2015.0,2.2,1407,176.0,99,220,208,1500000.0,4047743,312,6.158631035493737
99253,Child's Play 2,1990.0,5.9,44957,1160.0,216,224,64,13000000.0,35763605,389,6.147396831839609
1252595,Ghosted,2009.0,4.6,355,380.4,184,142,93,973918.0,1780,585,6.181349196363279
253586,Revolution #9,2001.0,6.5,337,1656.6,222,224,64,300000.0,10133,803,6.1564815996475915
77416,The Deer Hunter,1978.0,8.1,308804,2360.2,198,224,32,15000000.0,49074243,551,6.175210035494831
292644,The Rules of Attraction,2002.0,6.7,49263,1450.2,116,145,88,4000000.0,11832822,707,6.166334689585615
5311514,Kimi no na wa.,2016.0,8.4,188668,2042.0,82,168,177,3566430.0,358922706,510,6.219009065640702
2711898,Journal d'une femme de chambre,2015.0,5.5,2607,822.4,158,23,147,7913087.0,1972062,90,6.1502351808999345
2429144,Chambaili,2013.0,7.7,1089,2005.8,147,193,210,110000.0,12296,317,6.16723110943405
351461,Nói albinói,2003.0,7.3,9060,2199.4,158,90,151,1339137.0,1342010,159,6.175170388190525
1280501,Ce qu'il faut pour vivre,2008.0,7.4,846,2085.2,158,41,77,3124340.0,8393,89,6.175101352423073
105616,Tom and Jerry: The Movie,1992.0,5.4,9469,784.2,49,145,64,8000000.0,3560469,650,6.1558819859109075
4742670,The von Trapp Family: A Life of Music,2015.0,6.4,454,1692.6,93,17,64,17000000.0,99967,85,6.161735244718647
789783,Il nostro messia,2008.0,5.9,21,1065.0,158,165,174,596525.0,11622,148,6.152868683101946
279112,"Gojira, Mosura, Kingu Gidorâ: Daikaijû sôkôgeki",2001.0,7.1,5198,2045.6,5,168,177,9400000.0,18623382,750,6.2218056770175965
215750,Enemy at the Gates,2001.0,7.6,241697,2378.4,173,107,95,68000000.0,96976270,345,6.18082694666233
300556,Timeline,2003.0,5.7,60029,787.2,10,224,69,80000000.0,43935763,683,6.154577599982758
898319,Just Follow Law: Wo zai zheng fu bu men de ri zi,2007.0,6.0,338,1100.8,112,205,103,788246.0,2011669,323,6.172401536892262
4327752,Lady Bloodfight,2016.0,5.6,2352,1075.8,23,147,37,10000000.0,13109,132,6.164778467685613
3259424,Kar korsanlari,2015.0,6.8,222,2023.6,169,220,208,243479.0,3767,242,6.176915819611405
220099,The Tigger Movie,2000.0,6.3,17091,1336.6,78,172,64,30000000.0,96159800,435,6.184585085151148
760160,Color of the Cross,2006.0,3.0,303,299.2,158,224,64,2500000.0,85802,344,6.16332812670251
383028,"Synecdoche, New York",2008.0,7.6,82229,2525.8,158,224,88,20000000.0,4658401,125,6.164149971266587
757193,Esperanza,2006.0,5.7,23,983.0,110,132,159,304.0,2772,876,6.157948018146404
1016177,Go,2007.0,2.8,139,208.0,146,155,165,678350.0,315783,512,6.157053846545972
367204,Vieraalla maalla,2003.0,5.6,715,905.2,138,99,144,1532704.0,1232568,313,6.16971541943566
1298604,So glücklich war ich noch nie,2009.0,7.1,316,1857.4,158,132,159,1217398.0,179876,29,6.189565108847287
415689,Bunshinsaba,2004.0,5.7,1376,1215.2,216,209,181,2500000.0,2117269,112,6.1768815254823215
782047,Irreversi,2010.0,5.4,96,633.0,222,147,64,2000000.0,262838,556,6.15506819298142
4468740,Paddington 2,2017.0,7.8,59747,2224.2,57,42,64,40000000.0,227978645,632,6.181367079330247
192237,Leo und Claire,2001.0,6.9,123,1740.0,188,132,159,6224330.0,125734,422,6.168545354367225
76759,Star Wars,1977.0,8.6,1219843,2814.0,7,224,64,11000000.0,775398007,274,6.1815443250868425
2076298,Yip Man 4,2019.0,7.1,23383,1739.4,14,63,35,52000000.0,176345966,849,6.181647574385604
1239446,De laatste dagen van Emma Blank,2009.0,6.8,2020,1942.4,110,186,61,3347844.0,355354,28,6.152962500710633
109444,Clear and Present Danger,1994.0,6.9,88950,1637.8,23,184,64,62000000.0,215887717,655,6.164999162361679
804516,P2,2007.0,5.9,31595,957.2,150,224,128,8000000.0,7766240,253,6.170940291428968
261289,Serving Sara,2002.0,5.4,16677,1173.2,138,145,132,29000000.0,20146150,674,6.16124604756569
1078588,My Sister's Keeper,2009.0,7.4,88925,1868.2,159,224,64,30000000.0,95714875,602,6.1568550601703675
1132449,Lay the Favorite,2012.0,4.8,11071,341.2,116,129,132,26350000.0,1577272,761,6.1593015122182635
9105628,Dernier amour,2019.0,4.9,362,612.0,172,29,69,7913087.0,547793,90,6.15265963794183
284478,Charlotte Sometimes,2002.0,6.5,1024,1540.2,188,224,116,80000.0,247554,231,6.1628085194707545
1810543,Baby Shower,2011.0,4.2,620,310.2,210,59,203,900000.0,111351,619,6.160134718202285
6138680,Radha,2017.0,5.5,209,888.2,21,155,206,2035049.0,31172,120,6.168061452802327
1241195,Aamir,2008.0,7.7,10583,2617.4,23,155,165,678350.0,831931,667,6.1663576867677365
4437212,Bana Adini Sor,2015.0,5.7,653,1222.2,188,220,208,1000000.0,392088,788,6.172295833347864
243415,Mercy Streets,2000.0,5.3,507,400.0,23,224,64,600000.0,173599,404,6.147945789113411
857343,La vie d'artiste,2007.0,6.3,184,1507.8,99,104,147,4126979.0,355744,517,6.179990181322145
1215458,Box Elder,2008.0,6.7,307,1730.4,99,224,64,60000.0,48996,809,6.154455472544357
1588875,Kak ya provyol etim letom,2010.0,7.0,6448,2158.8,158,202,198,2500000.0,730412,34,6.166885974375643
119062,The End of Violence,1997.0,5.6,4640,1007.8,195,116,132,5000000.0,386673,850,6.164697994176819
1540868,El Medico: The Cubaton Story,2011.0,6.6,129,1945.2,154,71,133,1437288.0,4560,166,6.164614649695328
3791302,La tête haute,2015.0,7.0,3252,2152.0,158,104,147,6086990.0,4323120,229,6.180882548824573
88258,This Is Spinal Tap,1984.0,7.9,127897,2709.2,132,224,64,2500000.0,4736202,694,6.163645267551326
196857,Play It to the Bone,1999.0,5.5,11411,879.6,118,224,64,24000000.0,8678812,715,6.160767813031012
71115,Alice Doesn't Live Here Anymore,1974.0,7.3,21242,1707.4,188,224,64,1800000.0,18600000,538,6.1508696943707335
2371411,Hua pi 2,2012.0,6.2,3156,1484.2,206,60,187,22937850.0,2455359,858,6.214210907371855
101625,Once Upon a Crime...,1992.0,5.9,3962,766.8,104,145,64,18000000.0,8669847,238,6.169133614766605
4340720,Echo Effect,2015.0,3.5,1341,652.2,46,224,64,5000000.0,49286,462,6.152584256213416
1083452,Eddie the Eagle,2015.0,7.4,84321,2303.2,87,144,94,23000000.0,46152800,194,6.173667091431534
119668,Midnight in the Garden of Good and Evil,1997.0,6.6,36595,1716.0,145,224,69,35000000.0,25105255,149,6.174260062754762
1363362,Büyük oyun,2009.0,5.5,199,686.6,158,220,23,280000.0,51955,72,6.150575924208765
144084,American Psycho,2000.0,7.6,484122,2340.4,101,58,38,7000000.0,34266564,540,6.168090327808168
1980102,Ella & Aleksi - Yllätyssynttärit,2011.0,6.7,19,1434.2,84,99,144,669568.0,43614,439,6.162327854032249
275639,Rue des plaisirs,2002.0,5.3,695,788.2,188,105,147,15000000.0,1188065,624,6.15715660242795
113568,Kôkaku Kidôtai,1995.0,8.0,127805,2791.6,13,170,177,5783400.0,516246,511,6.210985818592613
814143,Héros,2007.0,5.6,229,728.2,222,104,147,2716583.0,268730,109,6.185328728544329
449642,Ryna,2005.0,7.0,454,2053.8,158,201,155,1217398.0,4952,719,6.164346222459121
1103221,Fix,2008.0,6.2,854,1177.4,158,224,64,500000.0,9890,789,6.170932960267205
6020428,Nameja gredzens,2018.0,6.1,1866,1272.6,29,175,64,34087144.0,18598,12,6.152405453831392
5697572,Cats,2019.0,2.8,39818,343.2,111,222,64,95000000.0,73834284,813,6.1699159362515275
124819,Orgazmo,1997.0,6.2,34546,1143.8,99,172,64,1000000.0,602302,823,6.162173680597003
104073,Deep Cover,1992.0,6.9,8778,2160.6,26,224,64,8000000.0,16639799,92,6.153511072315068
465538,Michael Clayton,2007.0,7.2,155614,1459.4,145,224,64,25000000.0,92991835,819,6.170018215146233
5466576,BoBoiBoy: The Movie,2016.0,7.2,2475,1352.2,12,179,185,1233250.0,106066,611,6.156404707357141
204933,Camera Obscura,2000.0,4.2,138,848.4,147,224,64,2000000.0,114015,300,6.15512968765203
857191,The Visitor,2007.0,7.6,41408,2243.0,158,224,14,4000000.0,18197518,814,6.169705124507834
1217613,Battle: Los Angeles,2011.0,5.7,173789,1032.6,43,224,138,70000000.0,211819354,412,6.162645728797178
6044548,Sumarbörn,2017.0,6.4,51,1467.4,159,153,172,2000000.0,16164,293,6.17692950080136
133385,Astérix & Obélix contre César,1999.0,6.0,39219,1427.2,57,108,148,50965901.0,1632567,146,6.15861351395638
110399,A Low Down Dirty Shame,1994.0,6.0,6484,1345.4,16,224,64,10000000.0,29392418,455,6.159101743202477
118001,Two Much,1995.0,5.4,5312,792.4,138,214,64,24000000.0,1141556,247,6.157314430313681
3105418,Eedenistä pohjoiseen,2014.0,7.0,117,1803.8,108,99,144,438263.0,116890,837,6.166798068793862
398963,Dorian Blues,2004.0,6.6,2333,1569.2,116,224,64,185000.0,72234,796,6.1595187001869025
109015,3 Ninjas Kick Back,1994.0,4.6,8454,1257.8,18,172,64,20000000.0,11798854,124,6.148989058186175
1557832,Pink Subaru,2009.0,6.0,40,1342.8,99,164,22,852178.0,9325,454,6.17838489014183
120655,Dogma,1999.0,7.3,206978,2297.6,56,224,64,10000000.0,31429330,465,6.1584796914397515
85838,Lianna,1983.0,6.7,1536,1378.8,188,224,64,300000.0,1530839,396,6.160232662770424
339638,Screen Door Jesus,2003.0,5.1,114,751.0,112,224,64,3000000.0,59000,469,6.153440140246313
450385,1408,2007.0,6.8,254242,1794.4,204,224,64,25000000.0,132963417,574,6.163737981838366
120647,Deep Impact,1998.0,6.2,163319,1436.6,32,224,129,75000000.0,334515982,582,6.156976777315279
120241,Suicide Kings,1997.0,6.9,26115,1697.8,101,224,64,5000000.0,1740156,645,6.172791466324902
3077214,Suffragette,2015.0,6.9,37964,1740.2,169,128,64,14000000.0,31972096,734,6.160467173578171
2520926,Vitriol,2012.0,7.0,26,1790.8,218,165,174,365219.0,83077,251,6.160534894843879
3172532,The Diary of a Teenage Girl,2015.0,6.9,29531,1839.8,116,224,64,2000000.0,1775133,525,6.147915998205822
4425200,John Wick: Chapter 2,2017.0,7.5,360681,2003.0,26,50,113,40000000.0,171547802,118,6.159216819142506
106469,Bound by Honor,1993.0,8.0,28657,2667.8,143,224,19,35000000.0,4496583,793,6.16773137987336
5313922,Pris de court,2017.0,5.2,185,677.4,158,104,147,1217398.0,224347,230,6.150050719312946
5082014,Charlie,2015.0,7.9,7526,1694.0,183,155,186,930696.0,46083,536,6.161999634641146
11985684,Romulo & Julita,2020.0,5.5,16,966.2,99,194,203,200000.0,40534,167,6.150924580615965
83326,Whose Life Is It Anyway?,1981.0,7.3,2606,1979.2,110,224,64,13000000.0,8206145,378,6.170688865782438
1961192,Marie Krøyer,2012.0,6.3,1259,1454.4,92,91,60,1063464.0,3382354,94,6.155602791547129
443649,"10,000 BC",2008.0,5.1,125179,910.8,5,208,64,105000000.0,269784201,711,6.153582399786912
6857166,Book Club,2018.0,6.1,25062,1479.0,116,224,76,10000000.0,104438188,93,6.166457764339694
387596,Silmido,2003.0,7.1,4092,1752.0,28,209,181,8000000.0,4855181,856,6.187289481544103
281322,Undisputed,2002.0,6.2,28812,1673.8,23,136,88,20000000.0,14946150,843,6.173333566199496
1253595,Toda la gente sola,2009.0,6.5,39,1369.4,110,0,203,14526.0,18319,732,6.160736335904426
89767,Pale Rider,1985.0,7.3,52395,2239.8,199,224,64,6900000.0,41410568,149,6.163026572068104
79501,Mad Max,1979.0,6.9,190295,1484.8,10,15,64,300000.0,8771757,275,6.164384335176618
1301308,Mixed Kebab,2012.0,6.3,1160,1344.6,188,18,11,1582617.0,96217,292,6.162135432614471
1235796,Ondine,2009.0,6.8,19993,1803.0,185,163,83,12000000.0,1787413,595,6.163350079431006
83642,The Best Little Whorehouse in Texas,1982.0,6.0,9806,1157.2,135,224,64,35000000.0,69701637,150,6.165796578659673
88993,Day of the Dead,1985.0,7.2,62953,1793.6,216,224,64,3500000.0,5000000,271,6.157293220718353
119657,Men with Guns,1997.0,7.5,2580,1687.6,62,184,111,2500000.0,910773,396,6.163119452976746
2990126,100 Streets,2016.0,5.8,3684,1085.6,158,221,64,3652194.0,309,367,6.1507675333740535
1571724,Bal,2010.0,7.2,6732,1852.4,158,114,208,1521747.0,1381730,737,6.160773778231803
283003,Spun,2002.0,6.8,36693,1669.2,101,224,64,2000000.0,685608,409,6.180041557845203
2960524,Hokus pokus Albert Åberg,2013.0,5.8,185,828.4,81,190,190,2311700.0,1094765,822,6.169130101060799
2466684,Isteni müszak,2013.0,7.5,2357,2211.0,110,149,169,1037645.0,62539,589,6.156441146808754
2557256,Gap tung kei hap,2014.0,4.8,3314,519.2,19,63,33,25797600.0,26033917,852,6.175804998087236
1602472,2 Days in New York,2012.0,6.0,13892,1384.4,116,24,78,8000000.0,4058113,431,6.162401399626436
4575576,Christopher Robin,2018.0,7.3,67828,2268.6,56,222,64,75000000.0,197744377,518,6.163978134075045
1704573,Bernie,2011.0,6.8,56839,1708.2,86,224,64,5000000.0,10173061,687,6.167679652176199
5954556,The Flood,2019.0,5.2,754,749.2,158,221,64,3000000.0,8728,59,6.1594394067496765
1046198,Ya ostayus,2007.0,7.4,825,1908.0,112,202,198,1000000.0,814790,452,6.164540505241714
1167638,L'immortel,2010.0,6.7,32530,1463.0,23,104,147,21913164.0,21695883,680,6.166588645948306
8363508,The Amendment,2018.0,7.2,33,1865.2,0,224,64,2000000.0,27961,626,6.159120693529826
89092,Enemy Mine,1985.0,6.9,43242,1728.0,5,223,64,40000000.0,12303411,854,6.171998808650404
7102426,Rocky Mental,2017.0,5.6,274,770.0,35,155,196,40701.0,23392,835,6.1584964416314465
477302,Extremely Loud & Incredibly Close,2011.0,6.9,97329,1884.8,67,224,64,40000000.0,55247881,760,6.179033154348376
978759,Frozen River,2008.0,7.1,24483,1805.0,143,224,44,1000000.0,5457664,153,6.170553505803399
5432650,Vojtech,2015.0,5.5,81,809.6,110,206,202,219131.0,190000,836,6.155739635103965
269499,Ma femme est une actrice,2001.0,6.4,3519,1438.8,116,104,69,5567610.0,5169438,870,6.154885462363082
374102,Open Water,2003.0,5.7,50782,643.8,66,224,64,500000.0,54683487,130,6.158789318122074
2247109,Verraaiers,2012.0,7.1,164,1731.0,198,207,1,1000000.0,297105,628,6.161523335129214
107889,The Program,1993.0,6.5,9123,1591.4,32,224,88,15000000.0,23032565,181,6.159336362470347
307156,Michel Vaillant,2003.0,5.4,4050,657.6,45,104,69,27878414.0,7463092,495,6.1629369302601225
48605,The Seven Year Itch,1955.0,7.1,33859,1841.4,138,224,64,1800000.0,7652,96,6.156454333903526
2611626,Force of Execution,2013.0,4.4,2969,793.6,22,224,64,8000000.0,87122,461,6.1663805871077475
2290567,E zhan,2014.0,6.8,1873,1758.6,22,63,39,10000000.0,566985,127,6.178558677602779
390320,Olsenbanden Junior på rocker'n,2004.0,4.9,534,468.2,121,190,190,287524.0,3226688,68,6.155410405651518
8007436,La pena máxima,2018.0,3.5,245,544.0,99,69,203,1800000.0,1103585,706,6.154577400015016
397307,Yiddish Theater: A Love Story,2005.0,7.8,52,2303.8,155,224,140,250000.0,40182,162,6.157265814169234
2368619,Bastille Day,2016.0,6.3,37654,1372.2,23,22,69,20000000.0,14857808,333,6.155260031506598
8978190,Con este miedo al futuro,2018.0,5.6,7,1111.2,158,0,203,30000.0,35,311,6.157509952647578
10323,Das Cabinet des Dr. Caligari,1920.0,8.1,56857,2478.0,204,132,163,18000.0,8811,701,6.171732760599016
1392170,The Hunger Games,2012.0,7.2,839507,2391.0,10,224,64,78000000.0,694394724,268,6.184474171093931
105428,Sleepwalkers,1992.0,5.3,20276,906.0,203,224,64,15000000.0,30524763,568,6.1580458446516175
1007029,The Iron Lady,2011.0,6.4,102621,1440.6,92,128,64,13000000.0,115890699,656,6.147062686762037
1242744,La herencia Valdemar,2010.0,5.6,1602,792.6,211,211,203,7913087.0,1493227,424,6.142094150967532
73692,Shampoo,1975.0,6.4,11115,1707.2,110,224,64,4000000.0,49407734,299,6.167013443162287
80749,The Fog,1980.0,6.8,63679,1980.6,216,224,64,1000000.0,21448782,379,6.160120366657644
4743226,Da hong zha,2018.0,3.2,3556,899.8,5,60,45,65000000.0,532377,861,6.162637488323089
1618447,Un amour de jeunesse,2011.0,6.6,4793,2043.2,188,105,56,4382632.0,514913,547,6.164269444518074
6400316,Meditation Park,2017.0,7.1,465,1791.2,158,41,30,1562170.0,59530,583,6.170845186871776
425637,Chi bi,2008.0,7.4,43499,2154.8,5,65,187,84660851.0,129710514,401,6.189746818498312
110678,No Escape,1994.0,6.1,18447,1330.4,33,224,64,20000000.0,15339030,535,6.167412901961138
442764,Dil Jo Bhi Kahey...,2005.0,4.6,325,433.8,188,155,100,949690.0,129319,714,6.163752603107032
7961060,Doragon bôru chô: Burorî,2018.0,7.9,22078,2764.4,2,168,177,8500000.0,115560610,792,6.206016452573503
5622412,Black Water,2018.0,4.7,4290,448.4,35,58,64,5000000.0,7882387,623,6.165573384619591
6924650,Midway,2019.0,6.7,63467,1536.8,5,58,116,100000000.0,126696475,711,6.168281201801898
3424690,Havenhurst,2016.0,4.8,3561,402.8,213,224,64,3000000.0,289299,47,6.163155841022806
377471,Be Cool,2005.0,5.7,66909,1038.2,103,224,129,53000000.0,95763716,240,6.183603021953978
859163,The Mummy: Tomb of the Dragon Emperor,2008.0,5.2,149999,817.6,7,43,125,145000000.0,403449830,693,6.159455753345074
9431080,Notre Dame,2019.0,5.2,410,460.8,99,23,147,4382632.0,1705268,830,6.165274445289266
8027180,Jill Bilcock: Dancing the Invisible,2017.0,7.7,71,2396.6,89,9,64,226342.0,11388,76,6.163831867352617
4555426,Darkest Hour,2017.0,7.4,169794,2068.2,94,222,70,30000000.0,150847274,375,6.157345984881337
268219,Comment j'ai tué mon père,2001.0,6.8,1010,1799.0,195,125,147,5382023.0,1802142,56,6.167302390870332
1675192,Take Shelter,2011.0,7.4,90653,1989.0,179,224,64,5000000.0,3741098,351,6.174815353190372
94602,Above the Law,1988.0,6.0,28518,1284.8,23,224,25,7500000.0,18869631,48,6.157068809810345
4465564,Fifty Shades Darker,2017.0,4.6,90985,436.8,188,67,64,55000000.0,381545846,328,6.17495084698041
96294,Track 29,1988.0,5.9,1964,1221.0,184,222,64,5000000.0,429028,606,6.163501141317637
97257,Earth Girls Are Easy,1988.0,5.4,20192,515.2,136,129,64,10000000.0,3916303,433,6.147201980411938
245317,The Next Big Thing,2001.0,5.7,220,989.8,116,224,64,1500000.0,14600,618,6.172133215874766
484357,I horodia tou Haritona,2005.0,6.7,369,1530.8,132,146,150,2434796.0,129600,289,6.158083673177191
1921129,El lugar del hijo,2013.0,6.5,58,1439.4,159,8,203,1000000.0,5052,516,6.170169548856805
346180,"¡Buen viaje, excelencia!",2003.0,5.4,159,728.0,99,211,203,3652194.0,638618,22,6.167458248976486
374086,Silný kafe,2004.0,5.9,79,1025.0,110,76,49,450437.0,50779,113,6.151851538337941
295682,The Warrior,2001.0,6.7,2505,1773.4,62,106,165,3358987.0,360435,70,6.152852118252216
404390,Running Scared,2006.0,7.4,96645,2131.0,23,145,130,15000000.0,9380029,845,6.170838643190469
86510,Under Fire,1983.0,7.0,6841,1839.0,198,184,64,9500000.0,5696391,709,6.181147322375971
424272,Melancholian 3 huonetta,2004.0,7.2,630,1910.4,157,83,8,682229.0,19317,658,6.1843469484706555
3037336,Sedmero krkavcu,2015.0,7.3,324,1889.8,57,79,53,2222448.0,478725,37,6.1712639401987195
819895,Hîrtia va fi albastrã,2006.0,7.7,1995,2228.6,28,199,197,852178.0,17419,664,6.155920231571426
2476186,A Memória que me Contam,2012.0,6.1,226,1433.4,158,3,153,194.0,26573,504,6.147208983534671
82533,The Howling,1981.0,6.6,30985,1586.2,210,224,132,1000000.0,17985893,373,6.164092724208104
1981703,The Harvest/La Cosecha,2011.0,7.1,63,2276.2,153,224,132,560000.0,3709,826,6.1677920996246
2371365,La Vingança,2016.0,6.5,247,1607.6,99,1,195,0.0,34048,246,6.171166682053356
90774,Brighton Beach Memoirs,1986.0,6.8,3243,1447.4,99,224,64,18000000.0,11957943,269,6.160358190055239
2023690,Sightseers,2012.0,6.5,26635,1312.6,55,221,64,1746673.0,2122909,86,6.160826289921018
95560,Mac and Me,1988.0,3.4,11404,610.6,70,224,64,13000000.0,6424112,774,6.162785137042305
4811564,Las furias,2016.0,5.9,275,1275.0,158,211,203,1826097.0,102428,570,6.1495101620068695
6284064,La fameuse invasion des ours en Sicile,2019.0,7.3,1059,2103.8,51,117,152,13391378.0,2113646,492,6.17451899062473
1707386,Les Misérables,2012.0,7.6,306585,2347.8,171,222,64,61000000.0,441809770,813,6.184874942359256
3849586,Asasiz Musa,2014.0,4.7,76,511.6,85,220,182,20000.0,4618,77,6.165979099595721
937378,Varg,2008.0,6.1,1203,1237.6,5,102,200,2860885.0,1448891,163,6.158525460545044
848577,Colorado Avenue,2007.0,5.7,244,944.0,158,103,204,3408714.0,596580,144,6.168960872125574
2241351,Money Monster,2016.0,6.5,93618,1764.0,147,224,106,27000000.0,93282604,372,6.153041359087265
5096920,Dip sin dip sin,2015.0,4.2,136,618.4,210,147,40,644940.0,680791,364,6.176994340983481
91557,The Mosquito Coast,1986.0,6.6,26290,1313.4,69,224,132,25000000.0,14302779,648,6.173811361992573
8396228,Dubcek,2018.0,6.4,81,1611.4,169,206,202,1217398.0,64841,477,6.150493125239453
495034,Golmaal: Fun Unlimited,2006.0,7.4,14987,2139.0,17,155,165,2035049.0,350948,710,6.16556268148926
478860,Embarque Imediato,2009.0,4.6,101,811.4,99,35,128,1500000.0,177627,40,6.14131717872212
109676,Drop Zone,1994.0,5.6,19109,621.6,11,224,64,45000000.0,28735315,378,6.156200820584785
3540136,Zhan lang,2015.0,5.4,4325,818.6,26,60,123,12000000.0,81411331,371,6.19015060973975
7968456,Kurukshetra,2019.0,6.9,987,1651.0,209,155,166,8140199.0,7320,592,6.1728824508837095
5437194,30 svidaniy,2016.0,4.9,150,1219.4,138,202,198,1000000.0,1563249,786,6.15976479887473
7232860,Xin li zui,2017.0,4.7,122,487.6,23,60,47,15291900.0,45698503,205,6.183803857613794
2016152,Balla con noi - Let's Dance,2011.0,4.7,20,393.0,217,165,174,19.0,67512,143,6.144034743196188
2023473,En enkel till Antibes,2011.0,6.0,602,1535.2,158,215,204,1796610.0,1491653,686,6.161193455729152
5650098,Monkey,2016.0,6.8,321,1984.4,158,37,28,973918.0,51719,198,6.158499188968559
418763,Jarhead,2005.0,7.0,174582,1811.2,14,144,18,72000000.0,97076152,730,6.159218691531272
76451,"New York, New York",1977.0,6.7,18156,1729.6,181,224,64,14000000.0,16400000,538,6.1627095579458855
205177,Kevin & Perry Go Large,2000.0,5.6,12390,1029.8,132,221,132,2687190.0,15932,217,6.161991560008017
290329,Bijitâ Q,2001.0,6.6,15013,1304.0,113,168,177,67473.0,15678,787,6.183269511850799
298203,8 Mile,2002.0,7.1,247912,2359.8,180,145,64,41000000.0,242875078,157,6.1624516323467615
1097013,Next Day Air,2009.0,5.8,10163,1114.4,16,224,69,3000000.0,10172519,88,6.1705495796953915
61328,Accident,1967.0,6.9,3845,1944.8,158,221,64,600000.0,64675,421,6.161411575318213
2978462,Dolphin Tale 2,2014.0,6.4,8303,1470.6,159,224,64,36000000.0,57824533,123,6.1632344862023745
244709,Pavilion of Women,2001.0,5.9,954,1469.6,192,68,123,5000000.0,36992,306,6.164095475109325
119934,Without Limits,1998.0,7.2,6568,2228.8,97,224,67,25000000.0,777423,699,6.1589456905865685
94118,Teen Wolf Too,1987.0,3.4,10550,317.6,124,224,64,3000000.0,7888703,139,6.159632267614351
100507,Rocky V,1990.0,5.3,126072,515.2,194,224,110,42000000.0,119946358,385,6.159398216141486
251052,The Discovery of Heaven,2001.0,6.7,3681,1621.4,165,188,64,16572570.0,3789625,360,6.155293508827848
1206331,Portable Life,2011.0,5.3,56,746.2,52,31,62,852178.0,3290,249,6.176785949905412
186894,Bounce,2000.0,5.7,19926,1160.2,188,224,64,35000000.0,53425292,203,6.171411101307136
97029,Catch Me If You Can,1989.0,6.1,544,1275.8,17,224,64,800000.0,3686,765,6.159888416132167
410403,Only the Brave,2006.0,5.3,780,974.8,198,224,64,3300000.0,150000,479,6.169275129646797
326856,Envy,2004.0,4.8,29775,943.0,99,224,110,40000000.0,14494036,82,6.164223218850498
2567026,Alice Through the Looking Glass,2016.0,6.2,92309,1270.0,70,222,64,170000000.0,299457024,327,6.1779217578071695
88128,Sixteen Candles,1984.0,7.1,104623,1623.4,138,224,64,6500000.0,23686027,387,6.1682116162929885
3631112,The Girl on the Train,2016.0,6.5,167579,1649.6,145,159,132,45000000.0,173185859,791,6.162234052063977
221563,Sorted,2000.0,6.2,1090,1370.2,222,222,64,9000000.0,86722,31,6.164764975753599
82440,Gas,1981.0,3.1,311,70.2,99,41,64,5077052.0,2869425,487,6.169709066728459
762138,Syrup,2013.0,5.7,10785,779.0,116,224,64,2500000.0,663,63,6.165828203817567
1345836,The Dark Knight Rises,2012.0,8.4,1502247,2640.6,1,222,12,250000000.0,1081141420,141,6.173841802605727
1399615,Vallamai Thaaraayo,2008.0,6.3,15,1436.4,158,155,205,474845.0,2142,507,6.169764783341585
6609088,Pappa pia,2017.0,4.6,5558,1010.6,133,149,169,4139153.0,1033043,264,6.1631356104132395
9177988,Pozyvnyy 'Banderas',2018.0,7.0,743,2098.6,196,226,131,1394599.0,58883,873,6.166040523167624
408236,Sweeney Todd: The Demon Barber of Fleet Street,2007.0,7.3,342225,2091.2,175,222,110,50000000.0,153383627,801,6.172042684555157
113463,Jefferson in Paris,1995.0,5.8,2786,1140.0,94,131,69,14000000.0,2473668,329,6.177506846372984
469443,Izzat,2005.0,6.3,2061,1230.8,26,190,191,1943668.0,1433507,827,6.161268740180376
937375,This Christmas,2007.0,6.3,8367,1683.8,116,224,64,13000000.0,49778552,660,6.167067429032291
361322,Assisted Living,2003.0,6.6,266,1131.0,110,224,64,500000.0,49048,225,6.167407425260739
450405,Cirque du Freak: The Vampire's Assistant,2009.0,5.8,43133,1133.8,7,224,87,40000000.0,39291383,636,6.166558560854101
3181822,The Boy Next Door,2015.0,4.7,37797,677.6,222,224,64,4000000.0,52425855,693,6.172169314985208
937426,Si totul era nimic,2006.0,3.8,59,136.0,158,199,197,22.0,2264,156,6.158152652668937
419766,Garçon stupide,2004.0,6.0,1171,1766.8,116,127,154,562973.0,170399,489,6.167956247523493
4005402,Colonia,2015.0,7.1,47371,1835.8,94,110,132,14000000.0,3621046,250,6.167186414788634
6682438,Szép csendben,2019.0,6.1,243,1026.2,158,149,169,365219.0,29395,875,6.142998289401983
4447108,Level Up,2016.0,4.4,1253,784.6,41,221,64,537438.0,24083,2,6.1775262008094085
205461,Thomas and the Magic Railroad,2000.0,4.1,3721,319.4,56,54,64,19000000.0,19748009,106,6.1563326031547465
3665860,Armi elää!,2015.0,5.6,257,1058.4,92,99,66,1046962.0,295731,442,6.186419255146954
91630,Night of the Creeps,1986.0,6.8,20766,2101.6,130,224,64,5000000.0,591366,262,6.157592980723962
1694554,El eial herbet,2006.0,3.4,169,385.6,99,94,6,255056.0,360316,509,6.152255393055073
8157400,Minha Fama de Mau,2019.0,6.4,318,1575.4,92,35,194,944472.0,249971,500,6.1577403627242955
1048159,Hængbok,2007.0,7.0,567,2019.2,188,209,181,3500000.0,8324700,370,6.188666413028938
2304459,23 Blast,2014.0,6.5,1737,1260.2,164,224,64,1000000.0,549185,213,6.175292366378495
2109248,Transformers: Age of Extinction,2014.0,5.6,296761,960.4,10,66,64,210000000.0,1104054072,550,6.167806073582426
1852040,Zhauzhürek myng bala,2012.0,6.5,761,1775.8,5,173,180,12000000.0,2172,14,6.1572609453444205
3164256,Rock the Kasbah,2015.0,5.5,10814,774.4,134,224,64,15000000.0,3394174,82,6.1667932830838526
7247524,Il vizio della speranza,2018.0,5.2,511,1062.4,158,165,174,1826097.0,235442,220,6.162971255603556
3111516,The Convent,2018.0,4.1,1192,590.0,208,221,64,2687190.0,353326,631,6.169430810163494
1616195,J. Edgar,2011.0,6.5,121953,1765.4,96,224,64,35000000.0,84920539,149,6.171064304417994
2593766,Bastardi 3,2012.0,2.5,57,591.8,143,72,48,694515.0,182503,817,6.15833797352209
1545759,À bout portant,2010.0,6.8,13397,1843.0,23,104,147,16000000.0,9487445,261,6.1660408869352406
104376,The Gun in Betty Lou's Handbag,1992.0,5.1,1558,713.0,137,224,64,13000000.0,3721911,41,6.151138553461703
3398066,Christian Mingle,2014.0,4.3,1508,554.2,138,224,132,650000.0,25480,152,6.163515383522024
74916,Mr. Klein,1976.0,7.6,6050,2403.0,145,117,147,3500000.0,193028,421,6.1595919938931125
7425298,Brama,2017.0,6.9,255,2175.2,112,226,209,779134.0,41411,840,6.158090207335988
1152850,Wendy and Lucy,2008.0,7.1,16355,1776.6,158,224,64,200000.0,1192995,456,6.157653735546247
3100904,Lee Scratch Perry's Vision of Paradise,2015.0,6.4,65,1598.8,91,98,64,852178.0,8068,839,6.161783445099158
90060,St. Elmo's Fire,1985.0,6.4,36103,1249.4,188,224,64,10000000.0,37803872,376,6.168671464342896
2223990,Draft Day,2014.0,6.8,53958,1734.4,194,224,64,25000000.0,29824199,319,6.1673101740199465
86154,Psycho II,1983.0,6.5,24031,1658.8,148,15,64,5000000.0,34725000,684,6.159708286035322
498989,Att göra en pudel,2006.0,4.7,472,487.6,138,191,204,2000225.0,395730,53,6.1821584619740895
1628055,Touchback,2011.0,6.5,3881,1530.6,160,224,64,5000000.0,204232,202,6.161610507286376
157913,La Cucaracha,1998.0,5.9,337,1318.2,101,224,132,3000000.0,14692,324,6.154503120390431
968294,Myrsky,2008.0,4.9,259,738.6,159,99,144,1864040.0,931017,446,6.1564804354684455
316188,Raising Victor Vargas,2002.0,7.2,5222,2409.2,188,131,132,800000.0,2816116,646,6.159835208076966
212712,2046,2004.0,7.4,50452,2229.4,189,62,39,12000000.0,19470239,450,6.195586786387986
378194,Kill Bill: Vol. 2,2004.0,8.0,678084,1894.4,26,224,36,30000000.0,154117352,662,6.168617233211798
3218580,Alléluia,2014.0,6.2,2589,1220.4,149,23,158,3525584.0,48426,241,6.1710682841208815
2980516,The Theory of Everything,2014.0,7.7,399559,2261.0,96,171,69,15000000.0,123726688,331,6.167360313671253
157262,2001: A Space Travesty,2000.0,3.6,11419,259.0,139,48,64,45000000.0,270813,39,6.162703277822724
11321572,M8 - Quando a Morte Socorre a Vida,2019.0,6.7,19,1787.6,158,35,194,972.0,14223,349,6.176290944348728
331525,The Intended,2002.0,5.7,339,1059.2,195,92,64,3800000.0,16290,472,6.167483294992063
1302011,Kung Fu Panda 2,2011.0,7.2,251342,2384.0,2,224,64,150000000.0,665692281,357,6.167456829481687
9877340,Nalpathiyonnu,2019.0,5.3,189,482.8,188,155,186,678350.0,42104,478,6.177870725814254
1422020,Dog Pound,2010.0,7.0,11030,2176.0,158,46,132,5880032.0,465725,467,6.162853684913318
903627,Julia,2008.0,7.0,5872,1997.4,147,27,132,6000000.0,1333241,235,6.161416699499867
1322333,Largo Winch II,2011.0,6.2,7535,921.4,11,24,86,24347960.0,14404319,441,6.177580409675477
815244,Sydney White,2007.0,6.2,45846,1492.6,116,224,64,16500000.0,13620075,374,6.150327747141468
3115910,Optimistene,2013.0,7.8,178,1698.2,154,191,192,542847.0,214956,291,6.160491101189252
246544,The Musketeer,2001.0,4.9,13986,498.4,9,137,64,40000000.0,32533802,644,6.1621526493994985
3410834,Allegiant,2016.0,5.7,107778,1155.2,8,224,64,110000000.0,179246868,698,6.162496193451231
2869728,Ride Along 2,2016.0,5.9,53039,1251.0,16,224,64,40000000.0,124608438,804,6.160993502635966
6644200,A Quiet Place,2018.0,7.5,402514,1985.6,178,224,5,17000000.0,340952971,388,6.164006942509413
462346,How to Eat Fried Worms,2006.0,5.3,5144,767.8,121,224,64,26000000.0,13098996,98,6.170561338838683
462504,Rescue Dawn,2006.0,7.3,100567,2083.2,14,178,120,10000000.0,7177143,847,6.171751283131194
405469,The Wild,2006.0,5.3,23895,683.2,49,58,64,80000000.0,102338515,767,6.15784371173856
77504,The End,1978.0,6.2,3570,1202.4,110,224,64,3000000.0,44917151,111,6.165528864418477
285441,Atanarjuat,2001.0,7.5,6267,2446.6,158,41,173,1530926.0,5204281,872,6.1652998168912
187696,Anatomie,2000.0,6.1,11664,1442.0,216,132,162,5228437.0,10501958,757,6.1764871568440025
975645,Hitchcock,2012.0,6.8,71547,1832.2,96,222,64,15700000.0,27039669,725,6.172024946032955
497465,Vicky Cristina Barcelona,2008.0,7.1,241073,1947.0,116,214,132,15500000.0,96409300,857,6.159347237162829
2410712,Ni un hombre más,2012.0,5.9,171,940.6,99,0,203,42367.0,198261,539,6.158266820313383
1797487,Savannah,2013.0,5.9,1425,1304.0,161,224,64,5000000.0,37240,57,6.160909893238539
1244659,Extraordinary Measures,2010.0,6.4,16237,1447.4,158,224,64,31000000.0,15134293,815,6.173087321012994
126886,Election,1999.0,7.2,89441,2053.8,116,224,132,25000000.0,14902041,32,6.17419271831793
1967545,Labor Day,2013.0,6.9,42558,1391.0,191,224,64,18000000.0,20275812,340,6.153736459202932
5503266,Gwi-hyang,2016.0,6.3,450,1389.4,158,209,118,1960000.0,23857217,128,6.194927702038204
3923662,The Rezort,2015.0,5.3,8810,788.4,215,32,64,6717975.0,30194,768,6.162353590254833
1966566,Stalingrad,2013.0,5.6,15658,1187.2,36,202,161,30000000.0,68316452,243,6.162896004124117
2605454,Kharej ala el kanoun,2007.0,6.2,1085,1349.8,143,94,6,1147752.0,366456,10,6.150120204185777
1217637,Pour elle,2008.0,7.1,8591,1717.2,147,125,158,9653966.0,6548942,261,6.166094705282764
480255,The Losers,2010.0,6.3,90805,1222.8,4,131,64,25000000.0,29397654,782,6.155021639763644
68611,Frenzy,1972.0,7.4,41134,2253.8,222,221,64,2000000.0,4121,35,6.177143203635724
4849404,The Prenup,2015.0,5.5,42,1043.4,138,195,135,250000.0,919175,436,6.1500633446562
1600524,Les amours imaginaires,2010.0,7.1,27163,1932.4,188,41,69,468651.0,843423,859,6.178470307940046
267913,Scooby-Doo,2002.0,5.1,98778,663.6,57,15,64,84000000.0,275650703,668,6.159221920891326
1013860,Dylan Dog: Dead of Night,2010.0,5.1,14620,552.8,16,224,64,20000000.0,5782515,464,6.166824452826386
3867570,Sming,2014.0,4.6,101,669.6,30,219,137,1663100.0,89038,621,6.154271286542709
4116116,Guibord s'en va-t-en guerre,2015.0,6.9,780,1791.8,99,41,4,4217859.0,165801,652,6.15981139757287
110168,It Runs in the Family,1994.0,5.6,1428,1205.6,121,224,64,15000000.0,70936,97,6.160293934304695
5281700,Heartbeats,2017.0,5.4,696,751.4,114,160,64,6000000.0,46180,210,6.175950222335431
212346,Miss Congeniality,2000.0,6.2,186045,1313.8,16,224,74,45000000.0,212742720,204,6.160698475300075
97493,Heathers,1989.0,7.2,87818,1435.8,100,224,64,3000000.0,1163969,557,6.168710606705771
1632708,Friends with Benefits,2011.0,6.5,337889,1307.0,138,224,64,35000000.0,149542245,848,6.162825642560161
1356928,Le père de mes enfants,2009.0,6.7,2402,1343.2,158,24,147,2556535.0,480834,547,6.166737536016289
1491611,Propios y extraños,2010.0,6.2,30,1544.0,158,211,203,2154794.0,4586,515,6.153331728952229
337692,On the Road,2012.0,6.1,39684,1304.6,68,2,69,25000000.0,9617377,844,6.16214165106012
2315558,I lossens time,2013.0,6.2,1394,1340.8,143,91,60,3700000.0,724591,784,6.148728891699218
120478,Star Kid,1997.0,5.3,2492,572.0,71,224,64,12000000.0,7029025,513,6.159516708754613
189998,Shadow of the Vampire,2000.0,6.9,39901,1809.6,174,177,92,8000000.0,11155214,215,6.171998646620022
1334553,The Perfect Host,2010.0,6.8,24682,1401.6,106,224,64,500000.0,453708,605,6.171212840711883
1149607,Rudolfa mantojums,2010.0,7.0,336,2092.4,110,174,183,2598262.0,20317,338,6.172086677930559
1528100,Exodus: Gods and Kings,2014.0,6.0,158793,1097.2,5,213,64,140000000.0,268175631,691,6.161898346847171
1190537,Bloodline,2008.0,5.8,376,895.8,218,224,69,1500000.0,68462,107,6.17119726398843
807028,The Pool Boys,2009.0,4.7,2416,359.6,99,224,64,15000000.0,2269,321,6.158899354568116
1124037,Free State of Jones,2016.0,6.9,51643,1810.2,14,224,64,50000000.0,25035950,268,6.167995621796092
139239,Go,1999.0,7.2,66660,1874.2,100,224,64,20000000.0,28451622,207,6.156977482076086
5266678,Wan wan mei xiang dao,2015.0,5.0,343,546.6,58,60,47,10000000.0,49567466,863,6.192898370284301
3300572,Stung,2015.0,5.1,4664,537.4,3,132,64,2500000.0,71085,87,6.160900403750454
1525830,Eksperimentet,2010.0,5.8,205,1285.6,169,81,58,3812112.0,615524,497,6.159112693464759
851532,Mei Lanfang,2008.0,6.6,1418,1674.4,94,63,187,15000000.0,17773395,445,6.196533987820105
118113,Walking and Talking,1996.0,6.7,3105,1558.2,116,109,64,1000000.0,1287480,607,6.163418999734884
183790,A Knight's Tale,2001.0,6.9,170334,2039.6,9,224,81,65000000.0,117487473,102,6.16558434554213
352951,Under the Radar,2004.0,6.0,197,1674.8,61,9,64,2263428.0,89935,239,6.163985773927367
5154528,Cin Kuyusu,2015.0,4.7,406,1038.0,210,220,208,0.0,319360,587,6.156891626807708
101492,Body Parts,1991.0,5.6,3969,1048.8,215,224,64,10000000.0,9188150,234,6.163946136332529
288431,Arthur's Dyke,2001.0,6.2,293,1473.4,110,221,64,4030785.0,76065,278,6.185249590540517
1055292,Life as We Know It,2010.0,6.5,121962,1519.4,116,224,64,38000000.0,105734416,286,6.179118881891796
338543,Wake,2003.0,6.6,361,1304.2,158,224,64,754.0,7212,717,6.162751128826963
1686018,Creature,2011.0,3.6,2782,650.6,210,224,64,3000000.0,533235,260,6.167416938782007
4508986,Senden Bana Kalan,2015.0,6.6,2478,1618.2,188,220,208,5000000.0,1145814,0,6.168733792624364
181852,Terminator 3: Rise of the Machines,2003.0,6.3,375297,1529.4,43,144,64,200000000.0,433371112,414,6.174178259177098
219965,Bandits,2001.0,6.5,65175,1368.2,101,224,64,75000000.0,67631903,82,6.156972734617285
174330,Vénus beauté (institut),1999.0,6.3,3973,1496.8,116,104,147,3469584.0,495870,818,6.161408967750824
1376213,The Adventurer: The Curse of the Midas Box,2013.0,5.5,5969,677.4,70,32,64,15000000.0,128471,415,6.162358755068629
109759,Exotica,1994.0,7.0,17906,1993.6,158,41,99,1562170.0,4221036,73,6.1579930661455675
6511676,Operación Concha,2017.0,4.6,194,465.4,99,211,203,3652194.0,218702,62,6.155692925249017
1372690,E-Tim tai nae,2008.0,6.1,54,1196.4,116,218,207,565454.0,832748,869,6.179431281831599
343121,Tupac: Resurrection,2003.0,7.9,8951,2392.6,91,224,64,300000.0,7808524,483,6.211293965000965
1325004,The Twilight Saga: Eclipse,2010.0,5.0,226574,451.6,168,224,64,68000000.0,698491347,183,6.161729424149746
102070,Hudson Hawk,1991.0,5.8,51987,1110.0,3,224,110,65000000.0,17218080,557,6.15579151497772
4504044,The Prodigy,2019.0,5.8,22846,1020.4,204,58,64,6000000.0,21150265,601,6.16157765892383
3717490,Power Rangers,2017.0,5.9,101059,1466.8,10,51,123,100000000.0,142337240,185,6.16677395749158
82606,Kelly,1981.0,6.5,41,1243.8,63,41,64,2343255.0,469777,138,6.173605193300383
102614,Out for Justice,1991.0,6.1,21331,1236.0,23,224,114,14000000.0,39673161,384,6.158069123965805
79261,Hair,1979.0,7.6,34801,2058.0,115,225,64,11000000.0,15313606,581,6.151751607893672
1379177,The Disappearance of Alice Creed,2009.0,6.7,24989,1670.0,152,221,64,800000.0,896919,320,6.153933374362032
488658,Unaccompanied Minors,2006.0,5.3,10360,651.8,57,224,132,25000000.0,21949234,629,6.162444946889479
100680,Stanley & Iris,1990.0,6.4,7059,1373.2,188,58,64,23000000.0,5820015,537,6.174587376971569
6613812,Angrezi Mein Kehte Hain,2018.0,6.8,1055,1655.4,188,155,165,678350.0,56580,302,6.170760975952904
478311,Knocked Up,2007.0,6.9,348884,1687.8,138,224,64,30000000.0,219922417,428,6.173446408073456
439707,Mobsters and Mormons,2005.0,6.2,693,1527.8,99,224,64,350000.0,409604,383,6.165914334995952
843850,Finishing the Game: The Search for a New Bruce Lee,2007.0,6.0,1736,1397.0,99,224,64,500000.0,53570,438,6.179108970491544
1321511,Oldboy,2013.0,5.7,68412,812.6,31,224,64,30000000.0,5186767,756,6.155622433765222
457074,Muzhskoy sezon. Barkhatnaya revolyutsiya,2005.0,3.2,458,452.2,23,202,95,7000000.0,6630285,614,6.158225459846236
456470,Hwal,2005.0,7.1,10635,1498.2,188,169,181,950000.0,2021070,466,6.193499658648131
2968804,Drive Hard,2014.0,4.4,4254,536.2,16,41,64,12000000.0,267030,105,6.182042499697303
441774,Lonely Hearts,2006.0,6.4,20108,1419.2,88,145,64,18000000.0,2520835,808,6.165317795690179
3407614,Puriyaadha Pudhir,2017.0,6.6,823,1553.2,222,155,205,1085360.0,65796,671,6.165899549156225
758799,Whatever Lola Wants,2007.0,6.5,1161,1921.6,158,45,12,8000000.0,655467,591,6.151305100700537
146882,High Fidelity,2000.0,7.5,167245,1831.0,114,222,55,30000000.0,47126295,761,6.1738462359026
110066,Houseguest,1995.0,6.0,6481,1215.8,99,224,64,10500000.0,26325256,670,6.162842609878933
337996,DysFunktional Family,2003.0,6.7,831,1918.2,107,224,64,3000000.0,2255000,273,6.163715342209848
107719,The Nutcracker,1993.0,5.8,1790,1155.2,201,224,64,19000000.0,2119994,227,6.166825198106752
1659337,The Perks of Being a Wallflower,2012.0,8.0,458022,2174.6,188,224,64,13000000.0,33384127,759,6.158744061891094
120679,Frida,2002.0,7.4,80807,2115.2,96,183,84,12000000.0,56298474,432,6.153755667589084
1039969,The Last Lear,2007.0,7.0,1048,2332.0,158,155,26,1356.0,341388,692,6.16936808938033
117057,The Mirror Has Two Faces,1996.0,6.6,15577,1180.4,116,224,64,42000000.0,41083864,81,6.1482902336194885
2274648,Hellboy,2019.0,5.2,76900,849.4,7,38,96,50000000.0,55065289,596,6.15539729842519
292610,No Good Deed,2002.0,5.5,6939,918.8,23,145,64,12000000.0,1440653,99,6.145227071064725
810922,Take Me Home Tonight,2011.0,6.3,51091,1106.8,116,145,64,23000000.0,7550073,554,6.1701458587633695
458242,Laitakaupungin valot,2006.0,6.8,6442,2022.4,143,100,145,1680009.0,1615018,16,6.168899654334399
6530104,"Hochelaga, Terre des Âmes",2017.0,6.5,440,1683.0,207,41,82,11794383.0,7262,258,6.155500828355691
1041804,The Nutcracker in 3D,2010.0,4.2,3489,710.0,37,150,64,90000000.0,17177993,49,6.175542258683126
405743,Barfuss,2005.0,7.2,10226,1830.6,116,132,159,5721770.0,14000000,800,6.178647970728766
1702425,Casa de mi Padre,2012.0,5.5,20183,568.6,141,184,132,6000000.0,8446952,541,6.155988528386948
881320,Sanctum,2011.0,5.9,53288,1259.0,5,15,64,30000000.0,108609310,38,6.1680989337589995
844671,College,2008.0,4.6,12048,650.6,99,224,64,7000000.0,6265483,186,6.168658846812716
4733536,American Hero,2015.0,4.9,3842,512.2,17,224,64,990000.0,51824,604,6.145885285338121
2327430,Liv & Ingmar,2012.0,7.4,1574,2452.8,153,192,134,799319.0,140041,195,6.178334392583784
5649480,"Gostosas, Lindas e Sexies",2017.0,4.0,84,286.2,99,35,194,116721599.0,374860,237,6.168111301009446
441007,Gracie,2007.0,6.1,4021,1192.0,97,224,64,9000000.0,3826568,184,6.164923448029732
1192628,Rango,2011.0,7.2,234465,1754.8,49,224,64,135000000.0,245724603,284,6.172775555465245
1691916,Before I Fall,2017.0,6.5,45615,1277.6,167,224,64,5000000.0,16373843,720,6.18094524458888
473500,Kettle of Fish,2006.0,5.2,645,733.8,138,224,64,2000000.0,7196,147,6.167651279697898
796375,You Kill Me,2007.0,6.5,17749,1531.4,105,224,64,4000000.0,3748295,380,6.164251361470956
117333,Phenomenon,1996.0,6.4,74171,1400.0,168,224,64,32000000.0,152036382,408,6.174307757175281
1149593,Espiral,2008.0,7.0,105,2239.6,158,181,203,1000000.0,25380,419,6.145159914966419
256415,Sweet Home Alabama,2002.0,6.2,101748,1324.8,138,224,64,30000000.0,180622424,52,6.175038098036764
86197,The Right Stuff,1983.0,7.8,55893,2352.0,54,224,129,27000000.0,21192315,651,6.160539440658137
435528,Whisper,2007.0,5.7,9120,1004.2,144,58,64,12000000.0,5285197,773,6.161405248016652
1565058,Yeogo goedam 5: Dong-ban-ja-sal,2009.0,5.7,623,1016.2,176,209,181,3000000.0,3609003,417,6.179713437262769
85780,The Keep,1983.0,5.8,10781,746.0,166,221,64,11000000.0,4218594,558,6.143075589843491
103247,White Fang,1991.0,6.7,19460,1048.0,62,224,64,14000000.0,34793160,669,6.166718749467261
104905,Mom and Dad Save the World,1992.0,5.4,4360,625.0,57,224,64,14000000.0,2034470,285,6.1545086934204125
5338644,Madame Hyde,2017.0,5.2,1295,1133.8,117,23,147,5646210.0,778142,739,6.159237345873612
6466464,Xi you ji zhi nü er guo,2018.0,5.5,1171,590.8,6,63,123,73000000.0,115084576,755,6.19339945364249
89175,Fright Night,1985.0,7.1,60886,1749.6,205,224,64,9000000.0,24922237,812,6.160099785947403
803096,Warcraft,2016.0,6.8,240261,1919.2,7,44,64,160000000.0,439048914,211,6.169399403976955
89686,A Nightmare on Elm Street Part 2: Freddy's Revenge,1985.0,5.5,61205,1066.4,210,224,64,3000000.0,29999213,325,6.156980699992529
113967,New Jersey Drive,1995.0,6.7,2833,1641.4,143,224,64,5000000.0,3565508,603,6.162166721582349
92147,Vamp,1986.0,6.0,4887,1309.2,125,224,64,3300000.0,4941117,689,6.162487667735842
414055,Elizabeth: The Golden Age,2007.0,6.8,67078,1820.2,94,115,133,55000000.0,75782758,746,6.1577542562047825
2083231,Java Heat,2013.0,5.1,4629,455.0,26,161,108,15000000.0,189739,151,6.162266502706492
2158531,Holla II,2013.0,6.6,87,1666.4,128,224,64,1000000.0,41537,297,6.15990549876276
79945,Star Trek: The Motion Picture,1979.0,6.4,81000,1173.2,76,224,117,35000000.0,82604699,702,6.169161590036921
1653649,Chuzhaya,2010.0,6.5,873,1704.0,28,203,198,4000000.0,1838858,60,6.172280304586874
116931,Love and Other Catastrophes,1996.0,6.3,1884,1724.0,138,9,64,250000.0,294212,228,6.148068159284475
